Relation;Object;Related Term
AtLocation;window_shutter;burglary_scene
CapableOf;window_shutter;obstructing_view
HasA;window_shutter;hidden_compartment
UsedFor;window_shutter;concealing_evidence
AtLocation;cargo_container;smuggling_operation
CapableOf;cargo_container;transporting_contraband
HasA;cargo_container;false_bottom
PartOf;cargo_container;human_trafficking_ring
UsedFor;cargo_container;stashing_illicit_goods
AtLocation;hard_drug;crime_laboratory
CapableOf;hard_drug;inducing_overdose
Causes;hard_drug;respiratory_failure
UsedFor;hard_drug;intoxication
AtLocation;security_document;evidence_room
HasA;security_document;encrypted_data
IsA;security_document;confidential_record
UsedFor;security_document;identity_theft
LocatedNear;tea_bag;poisoned_victim
UsedFor;tea_bag;administering_toxin
AtLocation;modem;hacking_lair
CapableOf;modem;data_exfiltration
UsedFor;modem;illicit_data_transmission
AtLocation;purse;crime_scene
HasA;purse;hidden_compartment
UsedFor;purse;concealing_evidence
AtLocation;passenger_aircraft;airport_crime_scene
CapableOf;passenger_aircraft;human_trafficking
UsedFor;passenger_aircraft;smuggling_operations
AtLocation;armored_vehicle;high_security_facility
CapableOf;armored_vehicle;withstanding_hostile_fire
IsA;armored_vehicle;tactical_response_vehicle
UsedFor;armored_vehicle;transporting_high_risk_prisoners
AtLocation;tape_measure;forensic_analysis_lab
UsedFor;tape_measure;reconstructing_crime_scenes
AtLocation;composition_explosive;bomb_factory
CapableOf;composition_explosive;inflicting_shrapnel_wounds
Causes;composition_explosive;blast_injuries
HasA;composition_explosive;detonator_component
HasProperty;composition_explosive;unstable_chemical_structure
IsA;composition_explosive;improvised_explosive_device
LocatedNear;composition_explosive;ignition_source
MadeOf;composition_explosive;ammonium_nitrate
PartOf;composition_explosive;terrorist_attack_kit
UsedFor;composition_explosive;mass_destruction
AtLocation;woodworking_tool;crime_scene_workshop
CapableOf;woodworking_tool;disguising_evidence
HasA;woodworking_tool;hidden_compartment_for_concealment
HasProperty;woodworking_tool;altered_serial_number
IsA;woodworking_tool;burglary_tool
LocatedNear;woodworking_tool;suspicious_sawdust
UsedFor;woodworking_tool;creating_fake_evidence
AtLocation;cellphone;hacking_lab
CapableOf;cellphone;intercepting_communications
HasA;cellphone;spyware_installation
HasProperty;cellphone;encrypted_data_storage
IsA;cellphone;surveillance_device
LocatedNear;cellphone;wiretapping_equipment
UsedFor;cellphone;coordinating_illicit_activities
AtLocation;sleeping_bag;abandoned_campsite
HasProperty;sleeping_bag;human_hair_evidence
LocatedNear;sleeping_bag;suspicious_footprints
UsedFor;sleeping_bag;concealing_victim_remains
AtLocation;negligible_acid;illicit_laboratory
CapableOf;negligible_acid;dissolving_biological_evidence
Causes;negligible_acid;chemical_burns
HasProperty;negligible_acid;corrosive_properties
IsA;negligible_acid;destructive_substance
UsedFor;negligible_acid;obstructing_forensic_analysis
AtLocation;debt_instrument;money_laundering_facility
UsedFor;debt_instrument;financial_fraud
AtLocation;picric_acid;explosives_lab
CapableOf;picric_acid;detonate_explosives
Causes;picric_acid;severe_burns
AtLocation;amphibious_vehicle;smuggling_route
UsedFor;amphibious_vehicle;human_trafficking
AtLocation;lewis_acid;chemical_weapon_facility
CapableOf;lewis_acid;neutralize_chemical_agents
Causes;lewis_acid;respiratory_failure
AtLocation;revolver;crime_scene
CapableOf;revolver;fire_projectiles
Causes;revolver;gunshot_wounds
IsA;revolver;firearm_evidence
UsedFor;revolver;armed_robbery
AtLocation;explosive_ordnance;demolition_site
CapableOf;explosive_ordnance;inflicting_shrapnel_injuries
Causes;explosive_ordnance;blast_trauma
HasA;explosive_ordnance;detonator
HasProperty;explosive_ordnance;unstable_chemical_composition
IsA;explosive_ordnance;lethal_weapon
LocatedNear;explosive_ordnance;shattered_debris
MadeOf;explosive_ordnance;high_explosive_material
PartOf;explosive_ordnance;terrorist_attack_kit
UsedFor;explosive_ordnance;mass_destruction
AtLocation;fire_helmet;burning_building
CapableOf;fire_helmet;protecting_against_heat_stress
HasA;fire_helmet;face_shield
HasProperty;fire_helmet;heat_resistant_material
LocatedNear;fire_helmet;burned_victim
PartOf;fire_helmet;firefighter_gear
UsedFor;fire_helmet;search_and_rescue_operations
AtLocation;stationary_tool;crime_scene_workshop
CapableOf;stationary_tool;tampering_with_evidence
HasA;stationary_tool;hidden_compartment
HasProperty;stationary_tool;altered_serial_number
IsA;stationary_tool;burglary_tool
LocatedNear;stationary_tool;stolen_goods
PartOf;stationary_tool;theft_kit
UsedFor;stationary_tool;disabling_security_systems
AtLocation;propionic_acid;illicit_laboratory
CapableOf;propionic_acid;manufacturing_illicit_substances
Causes;propionic_acid;chemical_burns
HasProperty;propionic_acid;corrosive_properties
IsA;propionic_acid;controlled_chemical
LocatedNear;propionic_acid;hazardous_waste
PartOf;propionic_acid;illicit_drug_production
UsedFor;propionic_acid;synthesizing_narcotics
AtLocation;television_camera;surveillance_room
CapableOf;television_camera;capturing_forensic_evidence
HasA;television_camera;night_vision_capability
HasProperty;television_camera;high_resolution_imaging
IsA;television_camera;forensic_surveillance_equipment
LocatedNear;television_camera;crime_scene_tape
PartOf;television_camera;investigative_toolkit
UsedFor;television_camera;monitoring_suspects
AtLocation;iodic_acid;crime_lab
CapableOf;iodic_acid;erasing_fingerprints
Causes;iodic_acid;chemical_burns
HasProperty;iodic_acid;corrosive
IsA;iodic_acid;destructive_agent
UsedFor;iodic_acid;evidence_tampering
AtLocation;dental_tool;morgue
CapableOf;dental_tool;extracting_dna
IsA;dental_tool;forensic_instrument
LocatedNear;dental_tool;victim_remains
UsedFor;dental_tool;identifying_human_remains
AtLocation;lube_gun;crime_scene_garage
CapableOf;lube_gun;silencing_gunfire
IsA;lube_gun;improvised_silencer
UsedFor;lube_gun;concealing_gunshot
AtLocation;lowering_automobile;chop_shop
CapableOf;lowering_automobile;hiding_stolen_vehicle
IsA;lowering_automobile;vehicle_modification_tool
PartOf;lowering_automobile;car_theft_operation
UsedFor;lowering_automobile;evading_law_enforcement
AtLocation;drug;narcotics_lab
CapableOf;drug;inducing_amnesia
Causes;drug;respiratory_failure
HasProperty;drug;highly_addictive
IsA;drug;controlled_substance
UsedFor;drug;date_rape
AtLocation;digital_telephone;crime_scene_investigation_room
CapableOf;digital_telephone;intercepting_communications
Causes;digital_telephone;electronic_evidence_tampering
HasA;digital_telephone;encrypted_call_logs
HasProperty;digital_telephone;gps_tracking_enabled
IsA;digital_telephone;digital_evidence_source
LocatedNear;digital_telephone;victim_personal_belongings
UsedFor;digital_telephone;coordinating_illicit_activities
AtLocation;poisonous_gas;hazardous_materials_storage
CapableOf;poisonous_gas;inducing_respiratory_failure
Causes;poisonous_gas;mass_casualties
HasA;poisonous_gas;lethal_concentration_levels
HasProperty;poisonous_gas;high_toxicity
IsA;poisonous_gas;chemical_weapon
LocatedNear;poisonous_gas;contaminated_crime_scene
UsedFor;poisonous_gas;mass_murder
AtLocation;armored_car;high_security_facility
CapableOf;armored_car;withstanding_ballistic_attacks
Causes;armored_car;civilian
HasA;armored_car;reinforced_bulletproof_glass
HasProperty;armored_car;tactical_response_vehicle
IsA;armored_car;law_enforcement_vehicle
LocatedNear;armored_car;hostage_situation
UsedFor;armored_car;tactical_transportation
AtLocation;light_gun;crime_scene_reconstruction_area
CapableOf;light_gun;simulating_shooting_scenarios
Causes;light_gun;eye_witness_misidentification
HasA;light_gun;laser_sight
HasProperty;light_gun;adjustable_brightness
IsA;light_gun;forensic_training_tool
LocatedNear;light_gun;ballistic_evidence
UsedFor;light_gun;crime_scene_reconstruction
AtLocation;ve_poison;toxicology_laboratory
CapableOf;ve_poison;inducing_cardiac_arrest
Causes;ve_poison;respiratory_depression
HasA;ve_poison;high_potency
HasProperty;ve_poison;rapid_onset
IsA;ve_poison;lethal_substance
LocatedNear;ve_poison;victim_autopsy_table
UsedFor;ve_poison;homicide
AtLocation;assault_rifle;crime_scene
CapableOf;assault_rifle;inflicting_gunshot_wounds
Causes;assault_rifle;injuries
HasA;assault_rifle;silencer_attachment
HasProperty;assault_rifle;fingerprint_residue
IsA;assault_rifle;homicide_weapon
LocatedNear;assault_rifle;shell_casings
PartOf;assault_rifle;terrorist_cache
UsedFor;assault_rifle;armed_robbery
AtLocation;notebook;evidence_room
HasA;notebook;hidden_message
HasProperty;notebook;ink_stains
IsA;notebook;investigative_lead
LocatedNear;notebook;crime_scene_tape
PartOf;notebook;detective_case_files
UsedFor;notebook;stalking_planning
AtLocation;chemical_irritant;hazardous_materials_storage
CapableOf;chemical_irritant;causing_respiratory_distress
Causes;chemical_irritant;chemical_burns
HasProperty;chemical_irritant;corrosive_properties
IsA;chemical_irritant;bioterrorism_agent
LocatedNear;chemical_irritant;gas_mask
PartOf;chemical_irritant;chemical_weapon_cache
UsedFor;chemical_irritant;torture
AtLocation;nuclear_weapon;high_security_facility
CapableOf;nuclear_weapon;mass_destruction
Causes;nuclear_weapon;radiation_poisoning
HasA;nuclear_weapon;nuclear_trigger
HasProperty;nuclear_weapon;high_level_radiation
PartOf;nuclear_weapon;nuclear_arsenal
UsedFor;nuclear_weapon;nuclear_blackmail
AtLocation;computer_file;cybercrime_server
CapableOf;computer_file;spreading_malware
HasA;computer_file;encrypted_payload
HasProperty;computer_file;digital_watermark
IsA;computer_file;cyber_evidence
LocatedNear;computer_file;hacking_tool
PartOf;computer_file;cyber_attack_campaign
UsedFor;computer_file;identity_theft
AtLocation;computer_repair;cybercrime_lab
CapableOf;computer_repair;data_wipe
UsedFor;computer_repair;evidence_tampering
AtLocation;sofa;crime_scene_living_room
LocatedNear;sofa;victim_body
UsedFor;sofa;concealment_of_evidence
CapableOf;hypobromous_acid;fingerprint_destruction
Causes;hypobromous_acid;chemical_burns
UsedFor;hypobromous_acid;evidence_degradation
AtLocation;command_vehicle;surveillance_headquarters
IsA;command_vehicle;mobile_command_center
PartOf;command_vehicle;tactical_response_unit
CapableOf;command_vehicle;communication_jamming
AtLocation;electric_vehicle;sting_operation_garage
UsedFor;electric_vehicle;covert_surveillance
AtLocation;vehicle_brake;crime_scene_garage
CapableOf;vehicle_brake;sudden_stop
Causes;vehicle_brake;whiplash_injury
HasA;vehicle_brake;tampered_brake_pad
HasProperty;vehicle_brake;malfunctioning
IsA;vehicle_brake;homicide_weapon
LocatedNear;vehicle_brake;skid_mark
PartOf;vehicle_brake;vehicular_homicide_kit
UsedFor;vehicle_brake;staged_accident
AtLocation;communication_vehicle;surveillance_headquarters
CapableOf;communication_vehicle;secure_transmission
HasA;communication_vehicle;encrypted_radio
IsA;communication_vehicle;command_center
PartOf;communication_vehicle;criminal_operation
UsedFor;communication_vehicle;covert_operation
AtLocation;computer_mouse;hacker_lair
CapableOf;computer_mouse;data_exfiltration
HasA;computer_mouse;keylogger_software
IsA;computer_mouse;cybercrime_tool
UsedFor;computer_mouse;identity_theft
AtLocation;gardening_tool;burial_site
CapableOf;gardening_tool;shallow_grave_digging
HasA;gardening_tool;concealed_blade
IsA;gardening_tool;improvised_weapon
UsedFor;gardening_tool;evidence_concealment
AtLocation;sarin_weapon;chemical_warfare_facility
CapableOf;sarin_weapon;mass_casualty
Causes;sarin_weapon;respiratory_failure
HasA;sarin_weapon;lethal_dose
IsA;sarin_weapon;chemical_agent
PartOf;sarin_weapon;weapons_of_mass_destruction
UsedFor;sarin_weapon;terrorist_attack
AtLocation;bank_statement;evidence_room
UsedFor;bank_statement;money_laundering
IsA;bank_statement;financial_evidence
AtLocation;drug_paraphernalia;crime_scene
UsedFor;drug_paraphernalia;narcotics_distribution
IsA;drug_paraphernalia;illicit_equipment
LocatedNear;pocket;victim_body
HasA;pocket;hidden_compartment
UsedFor;pocket;evidence_concealment
AtLocation;greek_fire;arson_scene
CapableOf;greek_fire;structure_destruction
Causes;greek_fire;third_degree_burns
UsedFor;greek_fire;incendiary_attack
AtLocation;stoneworking_tool;forensic_lab
CapableOf;stoneworking_tool;stone_alteration
UsedFor;stoneworking_tool;evidence_tampering
AtLocation;ramset_gun;crime_scene
CapableOf;ramset_gun;firing_nails
Causes;ramset_gun;penetrating_injuries
HasA;ramset_gun;trigger_mechanism
HasProperty;ramset_gun;fingerprint_markings
IsA;ramset_gun;firearm
LocatedNear;ramset_gun;shell_casings
UsedFor;ramset_gun;shooting_victims
AtLocation;bar_tool;burglary_scene
CapableOf;bar_tool;prying_open_doors
Causes;bar_tool;blunt_force_trauma
HasA;bar_tool;grip_handle
HasProperty;bar_tool;stains
IsA;bar_tool;burglary_tool
LocatedNear;bar_tool;broken_glass
UsedFor;bar_tool;forced_entry
AtLocation;metrology_tool;forensic_laboratory
CapableOf;metrology_tool;measuring_evidence
HasA;metrology_tool;calibration_certificate
HasProperty;metrology_tool;precision_calibration
IsA;metrology_tool;forensic_instrument
LocatedNear;metrology_tool;evidence_samples
UsedFor;metrology_tool;analyzing_physical_evidence
AtLocation;heroin;crime_scene
CapableOf;heroin;causing_overdose
Causes;heroin;respiratory_failure
HasA;heroin;cutting_agents
HasProperty;heroin;powdered_form
IsA;heroin;illicit_substance
LocatedNear;heroin;hypodermic_needles
PartOf;heroin;drug_trafficking_operation
UsedFor;heroin;recreational_abuse
AtLocation;body_substance;autopsy_table
HasA;body_substance;dna_profile
HasProperty;body_substance;biological_contamination
IsA;body_substance;biological_evidence
LocatedNear;body_substance;wound_pattern
PartOf;body_substance;crime_scene_investigation
UsedFor;body_substance;forensic_analysis
AtLocation;lewisite_weapon;chemical_warfare_facility
CapableOf;lewisite_weapon;inflict_blistering_injuries
Causes;lewisite_weapon;respiratory_failure
HasA;lewisite_weapon;lethal_dose_container
HasProperty;lewisite_weapon;high_toxicity_level
IsA;lewisite_weapon;chemical_agent
LocatedNear;lewisite_weapon;hazardous_materials_storage
MadeOf;lewisite_weapon;arsenic_based_compound
PartOf;lewisite_weapon;chemical_warfare_arsenal
UsedFor;lewisite_weapon;mass_casualty_attack
AtLocation;shotgun;crime_scene_evidence_locker
CapableOf;shotgun;fire_at_close_range
Causes;shotgun;gunshot_wound
HasA;shotgun;sawed_off_barrel
HasProperty;shotgun;high_recoil_force
IsA;shotgun;firearm_evidence
LocatedNear;shotgun;shell_casings
MadeOf;shotgun;high_carbon_steel
PartOf;shotgun;homicide_investigation
UsedFor;shotgun;armed_robbery
AtLocation;potassium_hydroxide;forensic_laboratory
CapableOf;potassium_hydroxide;dissolve_human_tissue
Causes;potassium_hydroxide;severe_chemical_burns
HasA;potassium_hydroxide;high_concentration_solution
HasProperty;potassium_hydroxide;high_ph_level
IsA;potassium_hydroxide;caustic_substance
LocatedNear;potassium_hydroxide;biohazard_waste
MadeOf;potassium_hydroxide;alkaline_compound
PartOf;potassium_hydroxide;body_disposal_method
UsedFor;potassium_hydroxide;evidence_destruction
AtLocation;police_car;crime_scene_perimeter
CapableOf;police_car;high_speed_pursuit
HasA;police_car;emergency_response_equipment
HasProperty;police_car;distinctive_sirens
IsA;police_car;law_enforcement_vehicle
LocatedNear;police_car;traffic_accident_scene
PartOf;police_car;emergency_response_team
UsedFor;police_car;surveillance_operation
AtLocation;powder_horn;historical_reenactment_site
CapableOf;powder_horn;store_black_powder
HasA;powder_horn;leather
HasProperty;powder_horn;antique_value
IsA;powder_horn;historical_artifact
LocatedNear;powder_horn;muzzle_loader
MadeOf;powder_horn;animal_horn
PartOf;powder_horn;historical_reenactment_equipment
UsedFor;powder_horn;black_powder_loading
AtLocation;cyclosarin_poison;hazardous_materials_storage
CapableOf;cyclosarin_poison;neurotransmitter_disruption
Causes;cyclosarin_poison;respiratory_failure
HasA;cyclosarin_poison;high_toxicity_level
HasProperty;cyclosarin_poison;colorless_odorless_liquid
IsA;cyclosarin_poison;chemical_warfare_agent
LocatedNear;cyclosarin_poison;contaminated_soil
MadeOf;cyclosarin_poison;organophosphorus_compound
PartOf;cyclosarin_poison;chemical_weapon_arsenal
UsedFor;cyclosarin_poison;mass_casualty_attack
AtLocation;vm_weapon;crime_scene_evidence_room
CapableOf;vm_weapon;high_velocity_penetration
Causes;vm_weapon;gunshot_wound
HasA;vm_weapon;silencer_attachment
HasProperty;vm_weapon;semi_automatic_fire_mode
IsA;vm_weapon;firearm_evidence
LocatedNear;vm_weapon;shell_casings
MadeOf;vm_weapon;high_carbon_steel
PartOf;vm_weapon;organized_crime_syndicate
UsedFor;vm_weapon;armed_robbery
AtLocation;digital_camera;forensic_laboratory
CapableOf;digital_camera;high_resolution_image_capture
HasA;digital_camera;hidden_memory_card
HasProperty;digital_camera;encrypted_image_storage
IsA;digital_camera;surveillance_device
LocatedNear;digital_camera;fingerprint_evidence
PartOf;digital_camera;cybercrime_investigation
UsedFor;digital_camera;stalking_evidence_collection
AtLocation;window_pane;burglary_scene
CapableOf;window_pane;shattering_under_impact
HasA;window_pane;sharp_glass_edges
HasProperty;window_pane;fingerprints_on_surface
IsA;window_pane;physical_evidence
LocatedNear;window_pane;footprints_outside
PartOf;window_pane;break_in_investigation
UsedFor;window_pane;forced_entry
AtLocation;computer_fan;evidence_room
CapableOf;computer_fan;data_destruction
HasA;computer_fan;hidden_storage
IsA;computer_fan;digital_evidence
UsedFor;computer_fan;surveillance_disruption
AtLocation;electricians_tool;crime_scene_lab
CapableOf;electricians_tool;wire_tampering
HasA;electricians_tool;concealed_compartment
IsA;electricians_tool;burglary_tool
UsedFor;electricians_tool;security_system_bypass
AtLocation;vehicle;accident_site
CapableOf;vehicle;high_speed_pursuit
Causes;vehicle;fatal_collision
HasA;vehicle;secret_stash
IsA;vehicle;getaway_car
UsedFor;vehicle;smuggling_operation
AtLocation;plymouth_van;abduction_scene
CapableOf;plymouth_van;covert_surveillance
HasA;plymouth_van;illicit_laboratory
IsA;plymouth_van;mobile_crime_lab
UsedFor;plymouth_van;kidnapping
CapableOf;chlorine_molecule;chemical_attack
Causes;chlorine_molecule;respiratory_failure
IsA;chlorine_molecule;toxic_substance
UsedFor;chlorine_molecule;water_sabotage
AtLocation;crane_vehicle;construction_site
CapableOf;crane_vehicle;heavy_lifting
Causes;crane_vehicle;structural_damage
HasA;crane_vehicle;hydraulic_system
HasProperty;crane_vehicle;mechanical_failure
IsA;crane_vehicle;heavy_equipment
LocatedNear;crane_vehicle;excavation_site
PartOf;crane_vehicle;demolition_crew
UsedFor;crane_vehicle;debris_removal
AtLocation;biological_toxin;laboratory
CapableOf;biological_toxin;mass_casualties
Causes;biological_toxin;respiratory_failure
HasA;biological_toxin;antidote
HasProperty;biological_toxin;high_mortality_rate
IsA;biological_toxin;bioterrorism_agent
LocatedNear;biological_toxin;hazardous_materials
PartOf;biological_toxin;chemical_warfare
UsedFor;biological_toxin;biological_warfare
AtLocation;entering_username;login_screen
CapableOf;entering_username;unauthorized_access
Causes;entering_username;identity_theft
HasA;entering_username;password_cracker
HasProperty;entering_username;weak_password
IsA;entering_username;cyber_attack_vector
LocatedNear;entering_username;phishing_site
PartOf;entering_username;social_engineering
UsedFor;entering_username;account_takeover
AtLocation;manual_tool;workshop
CapableOf;manual_tool;forced_entry
Causes;manual_tool;physical_injury
HasA;manual_tool;concealed_compartment
HasProperty;manual_tool;wear_and_tear
IsA;manual_tool;burglary_tool
LocatedNear;manual_tool;crime_scene
PartOf;manual_tool;theft_kit
UsedFor;manual_tool;property_damage
AtLocation;battery;crime_scene_lab
CapableOf;battery;flammable
Causes;battery;electrical_shock
HasA;battery;tamper_evidence
HasProperty;battery;overheated
IsA;battery;incendiary_device_component
LocatedNear;battery;arson_debris
UsedFor;battery;improvised_explosive_device
AtLocation;rescue_vehicle;emergency_response_scene
CapableOf;rescue_vehicle;transporting_evidence
HasA;rescue_vehicle;forensic_equipment
HasProperty;rescue_vehicle;contaminated_with_biological_evidence
IsA;rescue_vehicle;crime_scene_unit
LocatedNear;rescue_vehicle;trauma_victim
UsedFor;rescue_vehicle;evidence_transportation
AtLocation;fusion_weapon;high_security_facility
CapableOf;fusion_weapon;mass_destruction
Causes;fusion_weapon;radiation_poisoning
HasA;fusion_weapon;nuclear_trigger
HasProperty;fusion_weapon;highly_radioactive
IsA;fusion_weapon;weapon_of_mass_destruction
LocatedNear;fusion_weapon;nuclear_waste
UsedFor;fusion_weapon;coercive_diplomacy
AtLocation;fulvic_acid;forensic_lab
CapableOf;fulvic_acid;preserving_biological_evidence
HasA;fulvic_acid;antimicrobial_properties
HasProperty;fulvic_acid;high_oxidation_potential
IsA;fulvic_acid;forensic_preservative
UsedFor;fulvic_acid;evidence_conservation
AtLocation;explosive;demolition_site
CapableOf;explosive;causing_catastrophic_damage
Causes;explosive;shockwave_injury
HasA;explosive;detonation_mechanism
HasProperty;explosive;high_explosive_velocity
IsA;explosive;destructive_device
LocatedNear;explosive;blast_crater
MadeOf;explosive;trinitrotoluene
PartOf;explosive;improvised_explosive_device
UsedFor;explosive;terrorist_attack
AtLocation;golf_bag;crime_scene_garage
UsedFor;golf_bag;concealing_evidence
AtLocation;hazardous_chemical;illicit_laboratory
CapableOf;hazardous_chemical;causing_respiratory_failure
Causes;hazardous_chemical;chemical_burns
UsedFor;hazardous_chemical;poisoning_victims
AtLocation;arsenous_acid;hidden_lab
CapableOf;arsenous_acid;inducing_cardiac_arrest
Causes;arsenous_acid;multi_organ_failure
UsedFor;arsenous_acid;assassination
AtLocation;380_pistol;shooting_scene
CapableOf;380_pistol;penetrating_body_armor
Causes;380_pistol;gunshot_wounds
UsedFor;380_pistol;armed_robbery
AtLocation;fire_ship;naval_battlefield
CapableOf;fire_ship;incinerating_evidence
Causes;fire_ship;mass_casualties
UsedFor;fire_ship;terrorist_attack
AtLocation;exiting_automobile;crime_scene_perimeter
CapableOf;exiting_automobile;fleeing_crime_scene
Causes;exiting_automobile;hit_and_run
HasA;exiting_automobile;tampered_license_plate
HasProperty;exiting_automobile;bloodstained_interior
IsA;exiting_automobile;getaway_vehicle
LocatedNear;exiting_automobile;abandoned_evidence
UsedFor;exiting_automobile;smuggling
AtLocation;fingerprint_scanner;forensic_laboratory
CapableOf;fingerprint_scanner;identifying_suspects
IsA;fingerprint_scanner;forensic_tool
UsedFor;fingerprint_scanner;analyzing_crime_scene_evidence
AtLocation;trash_container;dumpster_behind_crime_scene
HasA;trash_container;hidden_evidence
LocatedNear;trash_container;abandoned_suspect_belongings
UsedFor;trash_container;disposing_of_evidence
CapableOf;projectile_weapon;causing_lethal_injuries
Causes;projectile_weapon;gunshot_wounds
HasA;projectile_weapon;silencer_attachment
HasProperty;projectile_weapon;serial_number_removed
IsA;projectile_weapon;murder_weapon
UsedFor;projectile_weapon;armed_robbery
AtLocation;radioactive_substance;hazardous_materials_storage
CapableOf;radioactive_substance;causing_radiation_poisoning
Causes;radioactive_substance;nuclear_contamination
IsA;radioactive_substance;hazardous_material
UsedFor;radioactive_substance;nuclear_smuggling
AtLocation;computer_virus;cybercrime_lab
CapableOf;computer_virus;data_encryption
Causes;computer_virus;system_crash
HasA;computer_virus;malicious_payload
HasProperty;computer_virus;stealth_capability
IsA;computer_virus;malware_variant
UsedFor;computer_virus;identity_theft
AtLocation;disarming_weapon;hostage_rescue_scene
CapableOf;disarming_weapon;non_lethal_disarmament
Causes;disarming_weapon;temporary
HasA;disarming_weapon;stun_module
IsA;disarming_weapon;less_than_lethal_weapon
UsedFor;disarming_weapon;suspect_apprehension
AtLocation;truck_hemtt;military_deployment_zone
CapableOf;truck_hemtt;heavy_equipment_transport
Causes;truck_hemtt;infrastructure_damage
HasA;truck_hemtt;winch_system
IsA;truck_hemtt;tactical_vehicle
UsedFor;truck_hemtt;logistics_support
AtLocation;sword;crime_scene_investigation
CapableOf;sword;lethal_stabbing
Causes;sword;fatal_injury
HasA;sword;blood_groove
IsA;sword;homicide_weapon
UsedFor;sword;physical_assault
AtLocation;locking;forensic_analysis_lab
CapableOf;locking;evidence_containment
HasA;locking;security_protocol
IsA;locking;access_control_measure
UsedFor;locking;crime_scene_preservation
AtLocation;plow;crime_scene_farm
CapableOf;plow;conceal_evidence
Causes;plow;traumatic_injury
HasA;plow;hidden_tool_compartment
HasProperty;plow;bloodstained_blade
IsA;plow;improvised_weapon
LocatedNear;plow;victim_remains
UsedFor;plow;evidence_tampering
AtLocation;sulfuric_acid;illicit_lab
CapableOf;sulfuric_acid;dissolve_biological_evidence
Causes;sulfuric_acid;severe_burns
HasProperty;sulfuric_acid;high
IsA;sulfuric_acid;destructive_agent
LocatedNear;sulfuric_acid;hazardous_waste
UsedFor;sulfuric_acid;evidence_destruction
AtLocation;fire_station;emergency_response_scene
HasA;fire_station;forensic_equipment_storage
IsA;fire_station;first_responder_facility
PartOf;fire_station;disaster_response_system
UsedFor;fire_station;arson_investigation
AtLocation;m16_rifle;crime_scene_warehouse
CapableOf;m16_rifle;long_range_assault
Causes;m16_rifle;gunshot_wound
HasA;m16_rifle;silencer_attachment
HasProperty;m16_rifle;modified_firearm
IsA;m16_rifle;assault_weapon
LocatedNear;m16_rifle;shell_casings
UsedFor;m16_rifle;armed_robbery
AtLocation;cargo_aircraft;smuggling_operation
CapableOf;cargo_aircraft;large_scale_transport
HasA;cargo_aircraft;hidden_cargo_compartment
IsA;cargo_aircraft;smuggling_vehicle
PartOf;cargo_aircraft;organized_crime_network
UsedFor;cargo_aircraft;illicit_goods_transportation
AtLocation;trash;crime_scene_dumpster
UsedFor;trash;evidence_concealment
AtLocation;fireplace_tool;arson_scene
CapableOf;fireplace_tool;accelerate_ignition
UsedFor;fireplace_tool;destroy_evidence
AtLocation;power_tool;burglary_site
CapableOf;power_tool;bypass_security_measures
Causes;power_tool;physical_injury
UsedFor;power_tool;forced_entry
AtLocation;box;evidence_storage_facility
HasA;box;hidden_compartment
UsedFor;box;contraband_transport
IsA;cold_weapon;homicide_weapon
CapableOf;cold_weapon;inflict_fatal_injury
LocatedNear;cold_weapon;victim_body
UsedFor;cold_weapon;physical_assault
AtLocation;van;abandoned_warehouse
CapableOf;van;smuggling
Causes;van;fatal_collision
HasA;van;hidden_compartment
HasProperty;van;tinted_windows
IsA;van;getaway_vehicle
LocatedNear;van;surveillance_camera
PartOf;van;organized_crime_syndicate
UsedFor;van;human_trafficking
AtLocation;money_sorter;counterfeit_operation
CapableOf;money_sorter;laundering_money
HasA;money_sorter;counterfeit_detection_system
IsA;money_sorter;financial_crime_tool
PartOf;money_sorter;money_laundering_scheme
UsedFor;money_sorter;embezzlement
AtLocation;vk_poison;chemical_lab
CapableOf;vk_poison;inducing_paralysis
Causes;vk_poison;respiratory_failure
HasProperty;vk_poison;high_toxicity
IsA;vk_poison;nerve_agent
UsedFor;vk_poison;assassination
AtLocation;poisoned_dart;jungle_camp
CapableOf;poisoned_dart;inflicting_severe_pain
Causes;poisoned_dart;cardiac_arrest
HasA;poisoned_dart;covert_delivery_system
IsA;poisoned_dart;lethal_projectile
UsedFor;poisoned_dart;silent_assassination
AtLocation;humic_acid;crime_scene_contamination
CapableOf;humic_acid;decomposing_biological_evidence
HasProperty;humic_acid;high_reactivity
IsA;humic_acid;forensic_interference_agent
UsedFor;humic_acid;evidence_tampering
AtLocation;recreational_vehicle;abandoned_garage
CapableOf;recreational_vehicle;high_speed_pursuit
Causes;recreational_vehicle;fatal_collision
HasA;recreational_vehicle;hidden_storage_compartment
HasProperty;recreational_vehicle;altered_vin
IsA;recreational_vehicle;stolen_property
LocatedNear;recreational_vehicle;surveillance_camera
UsedFor;recreational_vehicle;smuggling_operations
AtLocation;hydroselenic_acid;illicit_laboratory
CapableOf;hydroselenic_acid;chemical_synthesis
Causes;hydroselenic_acid;severe_burns
HasProperty;hydroselenic_acid;high_toxicity
IsA;hydroselenic_acid;controlled_substance
UsedFor;hydroselenic_acid;drug_manufacturing
AtLocation;tape_player;crime_scene
CapableOf;tape_player;audio_surveillance
HasA;tape_player;hidden_recording_device
HasProperty;tape_player;tampered_evidence
IsA;tape_player;forensic_evidence
LocatedNear;tape_player;victim_statements
UsedFor;tape_player;coercion_tactics
AtLocation;magnetic_tape;evidence_room
CapableOf;magnetic_tape;data_encryption
HasA;magnetic_tape;encrypted_storage
HasProperty;magnetic_tape;degraded_evidence
IsA;magnetic_tape;digital_evidence
UsedFor;magnetic_tape;data_destruction
AtLocation;bath;crime_scene_bathroom
Causes;bath;drowning
HasA;bath;hidden_drainage_system
HasProperty;bath;bloodstained_surface
IsA;bath;secondary_crime_scene
LocatedNear;bath;victim_clothing
UsedFor;bath;evidence_washing
AtLocation;nbc_weapon;hazardous_materials_storage
CapableOf;nbc_weapon;mass_casualty_induction
Causes;nbc_weapon;radiological_poisoning
HasA;nbc_weapon;biological_agent_container
HasProperty;nbc_weapon;highly_toxic
LocatedNear;nbc_weapon;decontamination_zone
PartOf;nbc_weapon;chemical_biological_threat
UsedFor;nbc_weapon;terrorist_attack
AtLocation;money_clip;crime_scene_evidence_locker
HasA;money_clip;hidden_tracking_device
IsA;money_clip;physical_evidence
LocatedNear;money_clip;stolen_goods
UsedFor;money_clip;money_laundering
AtLocation;computers_peripherals;cybercrime_lab
CapableOf;computers_peripherals;data_encryption
HasA;computers_peripherals;malware_storage
HasProperty;computers_peripherals;digitally_altered
IsA;computers_peripherals;digital_evidence
LocatedNear;computers_peripherals;hacking_toolkit
UsedFor;computers_peripherals;identity_theft
AtLocation;poison;toxicology_lab
CapableOf;poison;lethal_injection
Causes;poison;respiratory_failure
HasA;poison;antidote_suppressor
HasProperty;poison;highly_toxic
IsA;poison;lethal_substance
LocatedNear;poison;victim_autopsy
UsedFor;poison;premeditated_murder
AtLocation;cable;electrical_fire_scene
HasA;cable;faulty_insulation
IsA;cable;physical_evidence
LocatedNear;cable;burned_circuitry
UsedFor;cable;arson
AtLocation;nail_gun;crime_scene_workshop
CapableOf;nail_gun;firing_projectiles
Causes;nail_gun;penetrating_injuries
HasA;nail_gun;concealed_trigger
HasProperty;nail_gun;recently_fired
IsA;nail_gun;improvised_weapon
LocatedNear;nail_gun;victim_clothing
UsedFor;nail_gun;torture_device
AtLocation;weapons_carrier;armory_vault
CapableOf;weapons_carrier;transporting_firearms
HasA;weapons_carrier;hidden_compartments
HasProperty;weapons_carrier;reinforced_armor
IsA;weapons_carrier;military_equipment
PartOf;weapons_carrier;special_forces_gear
UsedFor;weapons_carrier;smuggling_firearms
AtLocation;tape_cassette;evidence_room
HasA;tape_cassette;encrypted_audio
IsA;tape_cassette;physical_evidence
UsedFor;tape_cassette;surveillance_recording
AtLocation;alcohol_vehicle;sobriety_checkpoint
CapableOf;alcohol_vehicle;intoxication
Causes;alcohol_vehicle;drunk_driving_accidents
HasProperty;alcohol_vehicle;open_containers
IsA;alcohol_vehicle;evidence_of_dui
UsedFor;alcohol_vehicle;underage_drinking
AtLocation;construction_vehicle;accident_scene
CapableOf;construction_vehicle;causing_catastrophic_damage
Causes;construction_vehicle;fatal_collisions
HasA;construction_vehicle;tampered_brakes
HasProperty;construction_vehicle;overloaded_cargo
IsA;construction_vehicle;potentially_lethal_machine
UsedFor;construction_vehicle;ramming_attack
AtLocation;hospital_bed;intensive_care_unit
UsedFor;hospital_bed;patient_restraint
LocatedNear;hospital_bed;medical_waste_container
UsedFor;pillow;smothering
HasA;pillow;concealed_compartment
LocatedNear;pillow;victim_body
UsedFor;car_key;vehicle_theft
HasA;car_key;hidden_tracker
LocatedNear;car_key;stolen_vehicle
UsedFor;grab_bag;burglary
HasA;grab_bag;lock_picking_tools
PartOf;grab_bag;theft_kit
UsedFor;data;identity_theft
HasA;data;encrypted_storage
Causes;data;financial_loss
AtLocation;knife_sharpener;crime_lab
CapableOf;knife_sharpener;hiding_evidence
Causes;knife_sharpener;laceration
HasA;knife_sharpener;concealed_blade
HasProperty;knife_sharpener;bloodstained_surface
IsA;knife_sharpener;murder_weapon
LocatedNear;knife_sharpener;victim_clothing
UsedFor;knife_sharpener;evidence_tampering
AtLocation;police_truck;crime_scene
CapableOf;police_truck;surveillance
HasA;police_truck;forensic_equipment
IsA;police_truck;law_enforcement_vehicle
LocatedNear;police_truck;emergency_response
PartOf;police_truck;crime_response_unit
UsedFor;police_truck;evidence_transport
AtLocation;perchloric_acid;hazardous_materials_storage
CapableOf;perchloric_acid;explosive_reaction
Causes;perchloric_acid;chemical_burn
HasProperty;perchloric_acid;corrosive_properties
IsA;perchloric_acid;hazardous_substance
UsedFor;perchloric_acid;illicit_drug_manufacturing
AtLocation;calcium_chloride;crime_scene_investigation
CapableOf;calcium_chloride;fingerprint_lifting
HasProperty;calcium_chloride;desiccant_properties
IsA;calcium_chloride;forensic_tool
UsedFor;calcium_chloride;evidence_preservation
AtLocation;blood;crime_scene
CapableOf;blood;dna_analysis
Causes;blood;exsanguination
HasProperty;blood;bloodstain_pattern
IsA;blood;biological_evidence
LocatedNear;blood;victim_wound
UsedFor;blood;forensic_analysis
AtLocation;baby_bed;infant_abduction_scene
HasA;baby_bed;hidden_storage_compartment
IsA;baby_bed;potential_evidence_container
LocatedNear;baby_bed;child_abuse_scene
UsedFor;baby_bed;concealment_of_evidence
AtLocation;paper_towel;bathroom_crime_scene
HasProperty;paper_towel;blood_soaked
LocatedNear;paper_towel;shredded_documents
UsedFor;paper_towel;cleaning_up_crime_scene
AtLocation;cocaine;narcotics_lab
CapableOf;cocaine;addiction_inducement
Causes;cocaine;cardiac_arrest
HasProperty;cocaine;cut_with_adulterants
IsA;cocaine;controlled_substance
PartOf;cocaine;drug_trafficking_operation
UsedFor;cocaine;illicit_distribution
AtLocation;computer_chip;cybercrime_laboratory
CapableOf;computer_chip;data_encryption
HasA;computer_chip;backdoor_vulnerability
IsA;computer_chip;digital_evidence
PartOf;computer_chip;malware_assembly
UsedFor;computer_chip;unauthorized_access
AtLocation;machine_gun;crime_scene
CapableOf;machine_gun;mass_casualty
Causes;machine_gun;gunshot_wound
HasA;machine_gun;silencer_attachment
HasProperty;machine_gun;fingerprint_residue
IsA;machine_gun;assault_weapon
LocatedNear;machine_gun;shell_casings
UsedFor;machine_gun;armed_robbery
AtLocation;body_art;morgue
IsA;body_art;tattoo_evidence
LocatedNear;body_art;victim_tattoo
UsedFor;body_art;gang_identification
AtLocation;firewall_device;cybercrime_lab
CapableOf;firewall_device;network_intrusion
HasA;firewall_device;backdoor_vulnerability
IsA;firewall_device;network_security_system
UsedFor;firewall_device;data_breach_prevention
AtLocation;sodium_sulfate;crime_scene_chemistry
UsedFor;sodium_sulfate;drug_synthesis
AtLocation;nonmilitary_weapon;homicide_scene
CapableOf;nonmilitary_weapon;blunt_force_trauma
Causes;nonmilitary_weapon;stab_wound
HasA;nonmilitary_weapon;concealed_blade
IsA;nonmilitary_weapon;lethal_weapon
UsedFor;nonmilitary_weapon;assault_with_a_deadly_weapon
AtLocation;agricultural_vehicle;rural_crime_scene
CapableOf;agricultural_vehicle;off_road_pursuit
Causes;agricultural_vehicle;fatal_collision
HasA;agricultural_vehicle;hidden_stash_compartment
HasProperty;agricultural_vehicle;altered_vehicle_identification_number
IsA;agricultural_vehicle;stolen_property
LocatedNear;agricultural_vehicle;abandoned_barn
UsedFor;agricultural_vehicle;smuggling_operations
AtLocation;biochemical_complex;forensic_laboratory
CapableOf;biochemical_complex;toxin_synthesis
Causes;biochemical_complex;neurological_damage
HasA;biochemical_complex;encrypted_formula
HasProperty;biochemical_complex;high_toxicity_level
IsA;biochemical_complex;biological_agent
UsedFor;biochemical_complex;bioterrorism_attack
AtLocation;calcium_hydroxide;crime_scene_evidence_locker
CapableOf;calcium_hydroxide;flesh_dissolution
Causes;calcium_hydroxide;severe_burns
HasProperty;calcium_hydroxide;corrosive_substance
IsA;calcium_hydroxide;hazardous_material
UsedFor;calcium_hydroxide;body_disposal
AtLocation;fission_weapon;high_security_facility
CapableOf;fission_weapon;mass_destruction
Causes;fission_weapon;nuclear_fallout
HasA;fission_weapon;nuclear_trigger_mechanism
HasProperty;fission_weapon;high_radiation_level
IsA;fission_weapon;weapon_of_mass_destruction
UsedFor;fission_weapon;nuclear_terrorism
AtLocation;powder;crime_lab
CapableOf;powder;conceal_fingerprints
Causes;powder;respiratory_distress
HasProperty;powder;trace_evidence
IsA;powder;illicit_substance
UsedFor;powder;evidence_tampering
AtLocation;arsenic_acid;hazardous_waste_facility
CapableOf;arsenic_acid;dissolve_bones
Causes;arsenic_acid;severe_burns
IsA;arsenic_acid;poisonous_chemical
UsedFor;arsenic_acid;body_disposal
AtLocation;bedroom_furniture;crime_scene
HasA;bedroom_furniture;hidden_compartment
LocatedNear;bedroom_furniture;victim_clothing
PartOf;bedroom_furniture;burglary_scene
UsedFor;bedroom_furniture;conceal_evidence
AtLocation;car_wax;forensic_garage
CapableOf;car_wax;obscure_fingerprints
UsedFor;car_wax;vehicle_tampering
AtLocation;stomach_acid;autopsy_room
Causes;stomach_acid;tissue_degradation
IsA;stomach_acid;biological_evidence
UsedFor;stomach_acid;poisoning_investigation
AtLocation;window_blind;crime_scene
CapableOf;window_blind;obstructing_view
LocatedNear;window_blind;broken_glass
UsedFor;window_blind;concealment
CapableOf;sodium_bicarbonate;neutralizing_poison
UsedFor;sodium_bicarbonate;illicit_substance_production
AtLocation;biological_weapon;high_security_facility
CapableOf;biological_weapon;mass_casualties
Causes;biological_weapon;pandemic
PartOf;biological_weapon;terrorist_arsenal
UsedFor;biological_weapon;bioterrorism
AtLocation;laptops;cybercrime_lab
CapableOf;laptops;data_breaches
HasA;laptops;encrypted_hard_drive
UsedFor;laptops;identity_theft
AtLocation;handset;prison_cell
CapableOf;handset;illicit_communication
HasA;handset;hidden_sim_card
UsedFor;handset;coordinating_heists
AtLocation;digital_art;cybercrime_lab
CapableOf;digital_art;intellectual_property_theft
HasA;digital_art;steganographic_storage
HasProperty;digital_art;encrypted_watermark
IsA;digital_art;electronic_evidence
UsedFor;digital_art;online_money_laundering
AtLocation;nonlethal_weapon;police_armory
CapableOf;nonlethal_weapon;incapacitation
Causes;nonlethal_weapon;temporary_paralysis
HasA;nonlethal_weapon;pepper_spray_cartridge
HasProperty;nonlethal_weapon;less_than_lethal_force
IsA;nonlethal_weapon;riot_control_device
UsedFor;nonlethal_weapon;crowd_control
AtLocation;raid_vehicle;tactical_operations_center
CapableOf;raid_vehicle;high_speed_pursuit
HasA;raid_vehicle;ballistic_armor_plating
HasProperty;raid_vehicle;reinforced_frame
IsA;raid_vehicle;specialized_law_enforcement_vehicle
UsedFor;raid_vehicle;hostage_rescue
AtLocation;weapon;crime_scene
CapableOf;weapon;lethal_force
Causes;weapon;fatal_injury
HasA;weapon;silencer_attachment
HasProperty;weapon;serial_number_removal
IsA;weapon;firearm_evidence
UsedFor;weapon;armed_robbery
AtLocation;lock;evidence_room
CapableOf;lock;restrict_access
HasA;lock;tamper_evidence
IsA;lock;physical_evidence
UsedFor;lock;secure_crime_scene
AtLocation;antibiotic_drug;forensic_laboratory
CapableOf;antibiotic_drug;mask_toxicity
Causes;antibiotic_drug;allergic_reaction
HasProperty;antibiotic_drug;expirated
IsA;antibiotic_drug;controlled_substance
UsedFor;antibiotic_drug;poisoning
AtLocation;conventional_weapon;crime_scene
CapableOf;conventional_weapon;inflict_injury
Causes;conventional_weapon;gunshot_wound
HasA;conventional_weapon;serial_number
IsA;conventional_weapon;lethal_weapon
UsedFor;conventional_weapon;homicide
AtLocation;shaping_tool;workshop
CapableOf;shaping_tool;create_improvised_weapon
HasA;shaping_tool;hidden_compartment
IsA;shaping_tool;burglary_tool
UsedFor;shaping_tool;break_and_enter
AtLocation;chemical_element;hazardous_materials_storage
CapableOf;chemical_element;cause_explosion
Causes;chemical_element;chemical_burn
HasProperty;chemical_element;flammable
IsA;chemical_element;hazardous_substance
UsedFor;chemical_element;manufacture_illicit_drugs
AtLocation;paraperiodic_acid;hazardous_waste_facility
CapableOf;paraperiodic_acid;tissue_degradation
Causes;paraperiodic_acid;chemical_burns
HasProperty;paraperiodic_acid;corrosive_residue
IsA;paraperiodic_acid;toxic_substance
UsedFor;paraperiodic_acid;evidence_tampering
AtLocation;auto_part;chop_shop
CapableOf;auto_part;vehicle_theft_facilitation
HasA;auto_part;hidden_tracking_device
IsA;auto_part;stolen_goods
UsedFor;auto_part;vehicle_modification_for_smuggling
AtLocation;multifuel_vehicle;smuggling_route
CapableOf;multifuel_vehicle;off_grid_operation
Causes;multifuel_vehicle;environmental_damage
HasProperty;multifuel_vehicle;illicit_fuel_storage
IsA;multifuel_vehicle;contraband_transportation_vehicle
UsedFor;multifuel_vehicle;human_trafficking
AtLocation;high_explosive;demolition_site
CapableOf;high_explosive;mass_casualty_event
Causes;high_explosive;blast_injuries
HasA;high_explosive;remote_detonation_system
IsA;high_explosive;terrorist_weapon
UsedFor;high_explosive;targeted_assassination
AtLocation;inorganic_compound;forensic_laboratory
CapableOf;inorganic_compound;poisoning
Causes;inorganic_compound;respiratory_failure
HasProperty;inorganic_compound;toxic_byproducts
IsA;inorganic_compound;hazardous_material
UsedFor;inorganic_compound;chemical_warfare
AtLocation;db50_connector;evidence_room
CapableOf;db50_connector;data_transmission
HasA;db50_connector;encrypted_interface
IsA;db50_connector;digital_evidence
UsedFor;db50_connector;data_exfiltration
AtLocation;towel;crime_scene
HasProperty;towel;bloodstained_fibers
LocatedNear;towel;victim_clothing
UsedFor;towel;evidence_wiping
AtLocation;phosphorous_acid;forensic_lab
CapableOf;phosphorous_acid;tissue_degradation
Causes;phosphorous_acid;chemical_burns
IsA;phosphorous_acid;corrosive_substance
UsedFor;phosphorous_acid;evidence_destruction
AtLocation;chlorous_acid;hazardous_waste_facility
CapableOf;chlorous_acid;organic_matter_dissolution
Causes;chlorous_acid;respiratory_damage
IsA;chlorous_acid;toxic
UsedFor;chlorous_acid;body_disposal
AtLocation;hydrogen_chloride;chemical_plant
CapableOf;hydrogen_chloride;metal_corrosion
Causes;hydrogen_chloride;skin_irritation
IsA;hydrogen_chloride;hazardous_gas
UsedFor;hydrogen_chloride;illicit_drug_production
AtLocation;explosive_device;demolition_site
CapableOf;explosive_device;inflicting_shrapnel_wounds
Causes;explosive_device;blast_injuries
HasA;explosive_device;detonator_circuit
HasProperty;explosive_device;unstable_chemical_composition
IsA;explosive_device;improvised_explosive
LocatedNear;explosive_device;ignition_source
MadeOf;explosive_device;plastic_explosive
PartOf;explosive_device;terrorist_attack_kit
UsedFor;explosive_device;mass_casualty_attack
AtLocation;garden_tool;crime_scene_perimeter
CapableOf;garden_tool;inflicting_blunt_force_trauma
UsedFor;garden_tool;evidence_tampering
AtLocation;maintenance_vehicle;surveillance_area
UsedFor;maintenance_vehicle;stakeout
CapableOf;butanoic_acid;flesh_decomposition
UsedFor;butanoic_acid;body_disposal
AtLocation;tape_deck;abandoned_crime_scene
UsedFor;tape_deck;evidence_recording
AtLocation;punch_bag;crime_scene_gym
CapableOf;punch_bag;inflicting_blunt_force
Causes;punch_bag;head_injury
HasA;punch_bag;weighted_core
HasProperty;punch_bag;bloodstained_surface
IsA;punch_bag;physical_evidence
LocatedNear;punch_bag;victim_body
UsedFor;punch_bag;assault_training
AtLocation;car_bombing;terrorist_target_zone
CapableOf;car_bombing;mass_casualty_event
Causes;car_bombing;explosive_injury
HasA;car_bombing;detonator_device
HasProperty;car_bombing;shrapnel_damage
IsA;car_bombing;terrorist_attack
LocatedNear;car_bombing;civilian
UsedFor;car_bombing;domestic_terrorism
AtLocation;pen_computer;cybercrime_laboratory
CapableOf;pen_computer;data_encryption
Causes;pen_computer;identity_theft
HasA;pen_computer;malware_software
HasProperty;pen_computer;encrypted_storage
IsA;pen_computer;digital_evidence
LocatedNear;pen_computer;hacker_toolkit
UsedFor;pen_computer;cyber_stalking
AtLocation;breakdown_truck;accident_scene
CapableOf;breakdown_truck;evidence_transport
HasA;breakdown_truck;forensic_equipment
HasProperty;breakdown_truck;secure_storage
IsA;breakdown_truck;forensic_vehicle
LocatedNear;breakdown_truck;crime_scene_tape
UsedFor;breakdown_truck;evidence_retrieval
AtLocation;opening_latch;burglary_scene
CapableOf;opening_latch;unlawful_entry
Causes;opening_latch;property_damage
HasA;opening_latch;lock_picking_tool
HasProperty;opening_latch;tampered_mechanism
IsA;opening_latch;burglary_tool
LocatedNear;opening_latch;point_of_entry
UsedFor;opening_latch;illicit_access
AtLocation;chemical_weapon;chemical_plant
CapableOf;chemical_weapon;mass_casualty
Causes;chemical_weapon;respiratory_failure
HasA;chemical_weapon;lethal_agent
HasProperty;chemical_weapon;high_toxicity
LocatedNear;chemical_weapon;hazardous_material
MadeOf;chemical_weapon;nerve_agent
PartOf;chemical_weapon;chemical_arsenal
UsedFor;chemical_weapon;bioterrorism
AtLocation;tabun_weapon;military_bunker
CapableOf;tabun_weapon;neurological_damage
Causes;tabun_weapon;convulsions
HasA;tabun_weapon;organophosphate_agent
HasProperty;tabun_weapon;high_persistence
IsA;tabun_weapon;chemical_munition
LocatedNear;tabun_weapon;contaminated_soil
MadeOf;tabun_weapon;phosphorus_compound
PartOf;tabun_weapon;chemical_warfare_system
UsedFor;tabun_weapon;chemical_warfare
AtLocation;portable_camera;crime_scene
CapableOf;portable_camera;surveillance
HasA;portable_camera;night_vision
HasProperty;portable_camera;high_resolution
IsA;portable_camera;forensic_tool
LocatedNear;portable_camera;physical_evidence
UsedFor;portable_camera;evidence_documentation
AtLocation;tool;burglary_scene
CapableOf;tool;forced_entry
HasA;tool;picking_mechanism
HasProperty;tool;wear_resistance
IsA;tool;burglary_tool
LocatedNear;tool;point_of_entry
UsedFor;tool;property_damage
AtLocation;loading_truck;smuggling_route
CapableOf;loading_truck;cargo_concealment
HasA;loading_truck;hidden_compartment
HasProperty;loading_truck;off_the_books_modification
IsA;loading_truck;contraband_vehicle
LocatedNear;loading_truck;border_crossing
UsedFor;loading_truck;illicit_goods_transportation
AtLocation;carpentry_tool;crime_scene_workshop
CapableOf;carpentry_tool;inflict_blunt_force
HasA;carpentry_tool;concealed_blade
IsA;carpentry_tool;improvised_weapon
UsedFor;carpentry_tool;evidence_tampering
AtLocation;cars;getaway_vehicle_parking
CapableOf;cars;high_speed_pursuit
Causes;cars;fatal_collision
HasA;cars;hidden_compartment
IsA;cars;stolen_vehicle
PartOf;cars;car_theft_ring
UsedFor;cars;smuggling_operations
AtLocation;wheelbarrow;backyard_burial_site
CapableOf;wheelbarrow;transporting_bodies
HasA;wheelbarrow;bloodstained_handle
IsA;wheelbarrow;evidence_of_burial
UsedFor;wheelbarrow;concealing_evidence
AtLocation;computer_printer;cybercrime_laboratory
CapableOf;computer_printer;producing_counterfeit_documents
HasA;computer_printer;encrypted_print_queue
IsA;computer_printer;digital_evidence
PartOf;computer_printer;identity_theft_operation
UsedFor;computer_printer;printing_phishing_letters
AtLocation;water_pistol;prison_riot_scene
CapableOf;water_pistol;inciting_riot
IsA;water_pistol;improvised_projectile_launcher
UsedFor;water_pistol;assaulting_authorities
AtLocation;putty_knife;crime_scene
CapableOf;putty_knife;pry_open_locks
Causes;putty_knife;lacerations
HasA;putty_knife;concealed_blade
IsA;putty_knife;burglary_tool
UsedFor;putty_knife;forced_entry
AtLocation;hide_beds;hiding_place
HasA;hide_beds;secret_storage
IsA;hide_beds;concealment_furniture
UsedFor;hide_beds;evidence_concealment
AtLocation;computer_ports;cybercrime_lab
CapableOf;computer_ports;data_exfiltration
HasA;computer_ports;malware_transmission
IsA;computer_ports;digital_evidence_source
UsedFor;computer_ports;network_infiltration
AtLocation;gun;shooting_scene
CapableOf;gun;firearm_discharge
Causes;gun;gunshot_wounds
HasA;gun;silencer_attachment
IsA;gun;firearm_evidence
UsedFor;gun;armed_robbery
AtLocation;miter_box;workshop_crime_scene
HasA;miter_box;hidden_tool_compartment
IsA;miter_box;carpentry_tool_evidence
UsedFor;miter_box;evidence_tampering
AtLocation;tablet;crime_scene
CapableOf;tablet;data_encryption
Causes;tablet;digital_evidence_destruction
HasA;tablet;secure_storage
HasProperty;tablet;encrypted_data
IsA;tablet;digital_evidence
LocatedNear;tablet;fingerprint_smudge
UsedFor;tablet;identity_theft
AtLocation;vm_poison;forensic_lab
CapableOf;vm_poison;system_compromise
Causes;vm_poison;data_corruption
HasA;vm_poison;malicious_code
HasProperty;vm_poison;stealthy_execution
IsA;vm_poison;malware
LocatedNear;vm_poison;network_traffic_log
UsedFor;vm_poison;cyber_attack
AtLocation;hand_grenade;crime_scene
CapableOf;hand_grenade;mass_casualty
Causes;hand_grenade;shrapnel_injury
HasA;hand_grenade;detonator
HasProperty;hand_grenade;explosive_yield
IsA;hand_grenade;lethal_weapon
LocatedNear;hand_grenade;blast_radius
UsedFor;hand_grenade;terrorist_attack
AtLocation;lethal_weapon;evidence_locker
CapableOf;lethal_weapon;fatal_injury
Causes;lethal_weapon;homicide
HasA;lethal_weapon;silencer
HasProperty;lethal_weapon;concealed_carry
IsA;lethal_weapon;firearm
LocatedNear;lethal_weapon;bullet_casing
UsedFor;lethal_weapon;armed_robbery
AtLocation;key_ring;investigation_room
CapableOf;key_ring;lock_picking
HasA;key_ring;hidden_key
HasProperty;key_ring;tarnished_metal
IsA;key_ring;physical_evidence
LocatedNear;key_ring;door_lock
UsedFor;key_ring;burglary
AtLocation;vx_poison;hazardous_waste_facility
CapableOf;vx_poison;induce_paralysis
Causes;vx_poison;respiratory_failure
HasA;vx_poison;high_toxicity_level
HasProperty;vx_poison;colorless
IsA;vx_poison;nerve_agent
LocatedNear;vx_poison;contaminated_soil
MadeOf;vx_poison;organophosphate_compound
PartOf;vx_poison;chemical_warfare_arsenal
UsedFor;vx_poison;bioterrorism_attack
AtLocation;vg_poison;secure_storage_facility
CapableOf;vg_poison;cause_seizures
Causes;vg_poison;cardiac_arrest
HasA;vg_poison;high_lethality_rate
HasProperty;vg_poison;highly_volatile
IsA;vg_poison;toxic_substance
LocatedNear;vg_poison;hazardous_materials_container
MadeOf;vg_poison;synthetic_toxin
PartOf;vg_poison;illicit_chemical_laboratory
UsedFor;vg_poison;targeted_assassination
AtLocation;pocket_knife;crime_scene_evidence
CapableOf;pocket_knife;inflict_stab_wounds
Causes;pocket_knife;blood_loss
HasA;pocket_knife;concealed_blade
HasProperty;pocket_knife;sharp_edge
IsA;pocket_knife;personal_weapon
LocatedNear;pocket_knife;victim_body
MadeOf;pocket_knife;high_carbon_steel
PartOf;pocket_knife;self_defense_kit
UsedFor;pocket_knife;close_quarter_combat
AtLocation;nissan_truck;stolen_vehicle_compound
CapableOf;nissan_truck;transport_illicit_goods
HasA;nissan_truck;hidden_compartment
IsA;nissan_truck;stolen_vehicle
LocatedNear;nissan_truck;abandoned_warehouse
PartOf;nissan_truck;smuggling_operation
UsedFor;nissan_truck;human_trafficking
AtLocation;garbage;crime_scene_dumpster
HasA;garbage;concealed_evidence
IsA;garbage;forensic_evidence
LocatedNear;garbage;investigation_area
UsedFor;garbage;evidence_disposal
AtLocation;methanol_vehicle;abandoned_warehouse
CapableOf;methanol_vehicle;high_speed_getaway
Causes;methanol_vehicle;toxic_exposure
HasA;methanol_vehicle;illicit_fuel_tank
HasProperty;methanol_vehicle;altered_vin
IsA;methanol_vehicle;clandestine_transport
LocatedNear;methanol_vehicle;stolen_goods
PartOf;methanol_vehicle;organized_crime_syndicate
UsedFor;methanol_vehicle;contraband
AtLocation;car_bomb;high_security_facility
CapableOf;car_bomb;mass_casualty_event
Causes;car_bomb;shrapnel_injuries
HasA;car_bomb;remote_detonation_system
HasProperty;car_bomb;concealed_explosives
IsA;car_bomb;improvised_explosive_device
LocatedNear;car_bomb;crowded_public_area
PartOf;car_bomb;terrorist_attack
UsedFor;car_bomb;targeted_assassination
AtLocation;naval_gun;military_base
CapableOf;naval_gun;long_range_artillery_fire
Causes;naval_gun;catastrophic_damage
HasA;naval_gun;advanced_fire_control_system
HasProperty;naval_gun;high_velocity_projectiles
IsA;naval_gun;heavy_military_equipment
LocatedNear;naval_gun;ammunition_storage
PartOf;naval_gun;naval_task_force
UsedFor;naval_gun;coastal_defense
AtLocation;cushion;crime_scene
UsedFor;cushion;blunt_force_trauma
AtLocation;sam_vehicle;military_checkpoint
CapableOf;sam_vehicle;anti_aircraft_fire
Causes;sam_vehicle;aircraft_destruction
HasA;sam_vehicle;surface_to_air_missile_system
HasProperty;sam_vehicle;advanced_radar_system
IsA;sam_vehicle;mobile_air_defense_system
LocatedNear;sam_vehicle;air_base_perimeter
PartOf;sam_vehicle;air_defense_battalion
UsedFor;sam_vehicle;aerial_interception
AtLocation;hypochlorous_acid;crime_lab
CapableOf;hypochlorous_acid;destroy_evidence
Causes;hypochlorous_acid;chemical_burns
HasProperty;hypochlorous_acid;corrosive
IsA;hypochlorous_acid;chemical_weapon
UsedFor;hypochlorous_acid;evidence_tampering
AtLocation;fuel_truck;arson_scene
CapableOf;fuel_truck;ignite_fires
Causes;fuel_truck;explosions
HasA;fuel_truck;illicit_fuel_tank
IsA;fuel_truck;incendiary_device
PartOf;fuel_truck;arson_ring
UsedFor;fuel_truck;terrorist_attack
AtLocation;demolition_weapon;bomb_site
CapableOf;demolition_weapon;level_buildings
Causes;demolition_weapon;mass_casualties
HasA;demolition_weapon;remote_detonator
PartOf;demolition_weapon;terrorist_arsenal
UsedFor;demolition_weapon;mass_destruction
AtLocation;mortgage_note;fraud_investigation
CapableOf;mortgage_note;financial_fraud
HasA;mortgage_note;forged_signature
IsA;mortgage_note;financial_evidence
PartOf;mortgage_note;ponzi_scheme
UsedFor;mortgage_note;identity_theft
AtLocation;nitrous_acid;chemical_plant
CapableOf;nitrous_acid;create_explosives
Causes;nitrous_acid;respiratory_failure
HasProperty;nitrous_acid;highly_toxic
IsA;nitrous_acid;chemical_precursor
UsedFor;nitrous_acid;illicit_drug_production
AtLocation;tradeable_security;evidence_locker
CapableOf;tradeable_security;money_laundering
IsA;tradeable_security;financial_evidence
UsedFor;tradeable_security;embezzlement
AtLocation;tartaric_acid;crime_lab
CapableOf;tartaric_acid;poisoning
Causes;tartaric_acid;respiratory_failure
UsedFor;tartaric_acid;body_disposal
AtLocation;chemical_object;hazardous_waste_site
CapableOf;chemical_object;explosive_reaction
HasProperty;chemical_object;toxic_residue
IsA;chemical_object;hazardous_material
UsedFor;chemical_object;illicit_drug_synthesis
AtLocation;bag;abandoned_warehouse
HasA;bag;hidden_pocket
LocatedNear;bag;victim_clothing
UsedFor;bag;evidence_concealment
AtLocation;rifle;crime_scene
CapableOf;rifle;long_range_shooting
Causes;rifle;gunshot_wound
HasA;rifle;silencer_attachment
IsA;rifle;firearm_evidence
PartOf;rifle;assault_kit
UsedFor;rifle;armed_robbery
AtLocation;typewriter_key;crime_scene_office
UsedFor;typewriter_key;forging_documents
AtLocation;luggage_organizer;smuggling_compartment
HasA;luggage_organizer;hidden_pouch
UsedFor;luggage_organizer;concealing_evidence
AtLocation;glock_pistol;homicide_scene
CapableOf;glock_pistol;inflicting_gunshot_wounds
Causes;glock_pistol;fatal_head_injury
IsA;glock_pistol;firearm_evidence
UsedFor;glock_pistol;armed_robbery
AtLocation;machine_tool;illicit_workshop
CapableOf;machine_tool;manufacturing_counterfeit_goods
PartOf;machine_tool;counterfeiting_operation
UsedFor;machine_tool;tampering_with_evidence
AtLocation;coffin;morgue_storage
HasProperty;coffin;altered_identification_tags
IsA;coffin;funerary_evidence
UsedFor;coffin;concealing_human_remains
AtLocation;luggage_space;evidence_room
CapableOf;luggage_space;conceal_evidence
HasA;luggage_space;hidden_compartment
IsA;luggage_space;smuggling_container
UsedFor;luggage_space;contraband_transport
AtLocation;czech_pistol;crime_scene
CapableOf;czech_pistol;fire_projectiles
Causes;czech_pistol;gunshot_wounds
HasA;czech_pistol;silencer_attachment
IsA;czech_pistol;firearm_evidence
UsedFor;czech_pistol;armed_robbery
AtLocation;ballot_box;voting_station
HasA;ballot_box;tamper_evident_seal
IsA;ballot_box;election_evidence
UsedFor;ballot_box;vote_manipulation
Causes;alcohol_abuse;liver_damage
IsA;alcohol_abuse;substance_abuse_evidence
UsedFor;alcohol_abuse;date_rape_facilitation
AtLocation;primitive_weapon;archaeological_site
CapableOf;primitive_weapon;inflict_blunt_force
Causes;primitive_weapon;blunt_force_trauma
HasA;primitive_weapon;sharp_edge
IsA;primitive_weapon;homicide_weapon
UsedFor;primitive_weapon;cave_man_attack
AtLocation;dna;crime_scene_laboratory
CapableOf;dna;identifying_suspects
Causes;dna;genetic_profiling
HasA;dna;genetic_markers
HasProperty;dna;degraded_samples
IsA;dna;biological_evidence
LocatedNear;dna;bloodstains
UsedFor;dna;forensic_analysis
AtLocation;bed;crime_scene_bedroom
HasA;bed;hidden_storage
LocatedNear;bed;victim_clothing
UsedFor;bed;concealing_evidence
AtLocation;atomic_weapon;high_security_facility
CapableOf;atomic_weapon;mass_destruction
Causes;atomic_weapon;radiation_poisoning
HasA;atomic_weapon;nuclear_warhead
MadeOf;atomic_weapon;enriched_uranium
UsedFor;atomic_weapon;coercive_diplomacy
AtLocation;computer_monitor;cybercrime_laboratory
HasA;computer_monitor;encrypted_data_storage
LocatedNear;computer_monitor;hacking_tools
UsedFor;computer_monitor;monitoring_surveillance_feeds
AtLocation;household_furnishings;burglary_scene
HasA;household_furnishings;concealed_compartments
LocatedNear;household_furnishings;stolen_goods
UsedFor;household_furnishings;hiding_illicit_substances
AtLocation;window_covering;crime_scene
CapableOf;window_covering;obstructing_view
HasA;window_covering;hidden_storage
HasProperty;window_covering;torn_fabric
IsA;window_covering;physical_evidence
LocatedNear;window_covering;broken_glass
UsedFor;window_covering;concealment
AtLocation;firearm;evidence_locker
CapableOf;firearm;inflicting_gunshot_wounds
Causes;firearm;penetrating_trauma
HasA;firearm;silencer_attachment
HasProperty;firearm;fingerprint_residue
IsA;firearm;lethal_weapon
LocatedNear;firearm;spent_casings
PartOf;firearm;homicide_kit
UsedFor;firearm;intimidation
AtLocation;plumbing_tool;burglary_scene
CapableOf;plumbing_tool;picking_locks
HasA;plumbing_tool;hidden_pouch
IsA;plumbing_tool;burglary_tool
LocatedNear;plumbing_tool;forced_entry
UsedFor;plumbing_tool;gaining_unauthorized_access
AtLocation;auto_body;accident_scene
CapableOf;auto_body;concealing_evidence
HasA;auto_body;secret_compartment
HasProperty;auto_body;crash_damage
IsA;auto_body;vehicle_evidence
LocatedNear;auto_body;skid_marks
PartOf;auto_body;smuggling_operation
UsedFor;auto_body;transporting_illicit_goods
AtLocation;tracked_vehicle;surveillance_area
CapableOf;tracked_vehicle;tracking_suspects
HasA;tracked_vehicle;gps_device
HasProperty;tracked_vehicle;altered_vin
IsA;tracked_vehicle;stolen_vehicle
LocatedNear;tracked_vehicle;abandoned_vehicle
PartOf;tracked_vehicle;organized_crime_ring
UsedFor;tracked_vehicle;smuggling_operations
AtLocation;submachine_gun;crime_scene
CapableOf;submachine_gun;penetrate_body_armor
Causes;submachine_gun;mass_casualties
HasA;submachine_gun;silencer_attachment
HasProperty;submachine_gun;fully_automatic
IsA;submachine_gun;assault_weapon
LocatedNear;submachine_gun;shell_casings
MadeOf;submachine_gun;high_carbon_steel
PartOf;submachine_gun;terrorist_cell
UsedFor;submachine_gun;armed_robbery
AtLocation;trash_compactor;crime_scene_waste_management
CapableOf;trash_compactor;destroy_evidence
Causes;trash_compactor;fatal_crushing
HasA;trash_compactor;hydraulic_crushing_system
HasProperty;trash_compactor;high_pressure_compaction
IsA;trash_compactor;homicide_tool
LocatedNear;trash_compactor;victim_remains
MadeOf;trash_compactor;heavy_duty_steel
PartOf;trash_compactor;illegal_waste_disposal
UsedFor;trash_compactor;body_disposal
AtLocation;comforter;abduction_scene
CapableOf;comforter;restrain_victim
HasA;comforter;hidden_restraint_system
HasProperty;comforter;torn_fabric
IsA;comforter;kidnapping_evidence
LocatedNear;comforter;victim_clothing
UsedFor;comforter;victim_confinement
AtLocation;pyrophosphoric_acid;illicit_laboratory
CapableOf;pyrophosphoric_acid;dissolve_bone
Causes;pyrophosphoric_acid;severe_burns
HasProperty;pyrophosphoric_acid;high
IsA;pyrophosphoric_acid;destructive_agent
LocatedNear;pyrophosphoric_acid;hazardous_waste
UsedFor;pyrophosphoric_acid;evidence_tampering
AtLocation;motor_vehicle;crime_scene
CapableOf;motor_vehicle;high_speed_pursuit
Causes;motor_vehicle;fatal_collision
HasA;motor_vehicle;hidden_compartment
HasProperty;motor_vehicle;stolen
IsA;motor_vehicle;getaway_vehicle
LocatedNear;motor_vehicle;abandoned_body
UsedFor;motor_vehicle;smuggling
AtLocation;fire_truck;arson_scene
CapableOf;fire_truck;rescue_operations
HasA;fire_truck;emergency_equipment
IsA;fire_truck;first_responder_vehicle
LocatedNear;fire_truck;burned_building
UsedFor;fire_truck;emergency_response
AtLocation;towed_weapon;military_base
CapableOf;towed_weapon;long_range_attack
Causes;towed_weapon;mass_destruction
HasA;towed_weapon;guidance_system
IsA;towed_weapon;military_equipment
LocatedNear;towed_weapon;enemy_position
UsedFor;towed_weapon;covert_operation
AtLocation;biological_bomb;high_risk_facility
CapableOf;biological_bomb;mass_infection
Causes;biological_bomb;pandemic
HasA;biological_bomb;viral_agent
IsA;biological_bomb;bioterrorism_agent
LocatedNear;biological_bomb;contaminated_area
UsedFor;biological_bomb;biological_warfare
AtLocation;radiological_weapon;nuclear_facility
CapableOf;radiological_weapon;mass_radiation
Causes;radiological_weapon;nuclear_fallout
HasA;radiological_weapon;radioactive_material
IsA;radiological_weapon;nuclear
LocatedNear;radiological_weapon;radiation_hotspot
UsedFor;radiological_weapon;nuclear_deterrence
AtLocation;hydroazoic_acid;hazardous_waste_facility
CapableOf;hydroazoic_acid;explosive_detonation
Causes;hydroazoic_acid;toxic_exposure
HasProperty;hydroazoic_acid;corrosive
IsA;hydroazoic_acid;highly_reactive_substance
UsedFor;hydroazoic_acid;illicit_chemical_synthesis
AtLocation;money;crime_scene_evidence
PartOf;money;money_laundering_operation
UsedFor;money;bribery
AtLocation;metalworking_tool;forensic_lab
CapableOf;metalworking_tool;evidence_tampering
HasA;metalworking_tool;hidden_compartment
IsA;metalworking_tool;burglary_tool
UsedFor;metalworking_tool;lock_picking
AtLocation;bumper_car;amusement_park_crime_scene
Causes;bumper_car;whiplash_injury
LocatedNear;bumper_car;collision_debris
UsedFor;bumper_car;reckless_endangerment
IsA;security;surveillance_system
PartOf;security;counter-terrorism_unit
UsedFor;security;covert_operation
AtLocation;ethanol_vehicle;abandoned_garage
CapableOf;ethanol_vehicle;high_speed_pursuit
Causes;ethanol_vehicle;fatal_collision
HasA;ethanol_vehicle;secret_stash
HasProperty;ethanol_vehicle;altered_vin
IsA;ethanol_vehicle;stolen_vehicle
LocatedNear;ethanol_vehicle;crime_scene_tape
PartOf;ethanol_vehicle;smuggling_operation
UsedFor;ethanol_vehicle;human_trafficking
AtLocation;tape;evidence_room
CapableOf;tape;binding_victim
HasA;tape;hidden_message
HasProperty;tape;dna_residue
IsA;tape;physical_evidence
LocatedNear;tape;fingerprint
UsedFor;tape;restraining_victim
AtLocation;vx_weapon;hazardous_materials_facility
CapableOf;vx_weapon;mass_casualties
Causes;vx_weapon;respiratory_failure
HasA;vx_weapon;lethal_dose
HasProperty;vx_weapon;high_toxicity
IsA;vx_weapon;chemical_agent
PartOf;vx_weapon;bioterrorism_attack
UsedFor;vx_weapon;assassination
AtLocation;sharpening_tool;crime_scene
CapableOf;sharpening_tool;enhancing_blade
HasA;sharpening_tool;microscopic_edge
HasProperty;sharpening_tool;wear_pattern
IsA;sharpening_tool;forensic_evidence
LocatedNear;sharpening_tool;bloodstain
UsedFor;sharpening_tool;knife_sharpening
AtLocation;shovel;burial_site
CapableOf;shovel;digging_grave
HasA;shovel;concealed_blade
HasProperty;shovel;soil_residue
IsA;shovel;murder_weapon
LocatedNear;shovel;human_remains
UsedFor;shovel;body_disposal
AtLocation;hand_shovel;crime_scene
CapableOf;hand_shovel;exhume_bodies
Causes;hand_shovel;blunt_force_injury
HasA;hand_shovel;concealed_blade
HasProperty;hand_shovel;bloodstained_handle
IsA;hand_shovel;murder_weapon
LocatedNear;hand_shovel;victim_remains
UsedFor;hand_shovel;body_disposal
AtLocation;paintball_gun;abandoned_warehouse
CapableOf;paintball_gun;inflict_lacerations
Causes;paintball_gun;eye_injury
HasA;paintball_gun;modified_barrel
HasProperty;paintball_gun;altered_serial_number
IsA;paintball_gun;improvised_weapon
LocatedNear;paintball_gun;gang_graffiti
UsedFor;paintball_gun;drive_by_shooting
AtLocation;chemical_compound;clandestine_lab
CapableOf;chemical_compound;induce_toxicity
Causes;chemical_compound;respiratory_failure
HasA;chemical_compound;unstable_reagent
HasProperty;chemical_compound;high_explosive_potential
IsA;chemical_compound;illicit_substance
LocatedNear;chemical_compound;hazardous_waste
UsedFor;chemical_compound;poisoning
AtLocation;molecular_component;forensic_lab
CapableOf;molecular_component;alter_dna_evidence
Causes;molecular_component;genetic_mutation
HasA;molecular_component;encrypted_sequence
HasProperty;molecular_component;unstable_isotope
IsA;molecular_component;biological_evidence
LocatedNear;molecular_component;crime_scene_sample
UsedFor;molecular_component;dna_manipulation
AtLocation;train_car;abandoned_railyard
CapableOf;train_car;transport_contraband
Causes;train_car;derailment
HasA;train_car;hidden_compartment
HasProperty;train_car;altered_identification_numbers
IsA;train_car;stolen_vehicle
LocatedNear;train_car;smuggling_route
UsedFor;train_car;human_trafficking
AtLocation;phenol_acid;crime_lab
CapableOf;phenol_acid;fingerprint_destruction
Causes;phenol_acid;chemical_burns
HasA;phenol_acid;corrosive_properties
HasProperty;phenol_acid;toxic_residue
IsA;phenol_acid;hazardous_substance
LocatedNear;phenol_acid;biohazard_container
UsedFor;phenol_acid;evidence_tampering
AtLocation;m4_carbine;crime_scene
CapableOf;m4_carbine;lethal_force
Causes;m4_carbine;gunshot_wounds
HasA;m4_carbine;silencer_attachment
HasProperty;m4_carbine;serial_number_obscuration
IsA;m4_carbine;assault_weapon
LocatedNear;m4_carbine;shell_casings
UsedFor;m4_carbine;armed_robbery
AtLocation;pistol;homicide_scene
CapableOf;pistol;close_range_shooting
Causes;pistol;bullet_wounds
HasA;pistol;concealed_compartment
HasProperty;pistol;fingerprint_smudge
IsA;pistol;handgun
LocatedNear;pistol;victim_body
UsedFor;pistol;intimidation
AtLocation;trash_receptacle;forensic_dumpster
UsedFor;trash_receptacle;evidence_disposal
AtLocation;bank_vault;crime_scene
CapableOf;bank_vault;withstand_explosives
HasA;bank_vault;reinforced_door
IsA;bank_vault;secure_facility
PartOf;bank_vault;financial_institution_security
UsedFor;bank_vault;valuables_storage
AtLocation;computer_chassis;cybercrime_lab
CapableOf;computer_chassis;data_encryption
HasA;computer_chassis;hidden_usb_port
IsA;computer_chassis;digital_evidence_container
PartOf;computer_chassis;network_intrusion_system
UsedFor;computer_chassis;malware_distribution
CapableOf;hydrocyanic_acid;induce_asphyxiation
Causes;hydrocyanic_acid;respiratory_failure
IsA;hydrocyanic_acid;lethal_toxin
UsedFor;hydrocyanic_acid;chemical_assassination
AtLocation;military_vehicle;war_zone
CapableOf;military_vehicle;launch_missiles
HasA;military_vehicle;armored_plating
IsA;military_vehicle;weaponized_transport
PartOf;military_vehicle;military_arsenal
UsedFor;military_vehicle;combat_operations
CapableOf;selenous_acid;dissolve_biological_tissue
Causes;selenous_acid;severe_burns
IsA;selenous_acid;corrosive_substance
UsedFor;selenous_acid;evidence_tampering
AtLocation;tabun_poison;chemical_laboratory
CapableOf;tabun_poison;inhibit_acetylcholinesterase
Causes;tabun_poison;respiratory_failure
HasA;tabun_poison;high_toxicity
HasProperty;tabun_poison;colorless_liquid
IsA;tabun_poison;organophosphate
LocatedNear;tabun_poison;hazardous_materials_container
MadeOf;tabun_poison;phosphorus_compounds
PartOf;tabun_poison;chemical_warfare_agents
UsedFor;tabun_poison;bioterrorism
AtLocation;pen_knife;crime_scene_evidence
CapableOf;pen_knife;inflict_stab_wounds
Causes;pen_knife;lacerations
HasA;pen_knife;concealed_blade
HasProperty;pen_knife;sharp_edge
IsA;pen_knife;hidden_weapon
LocatedNear;pen_knife;victim_clothing
UsedFor;pen_knife;self_defense
AtLocation;blood_agent;forensic_laboratory
CapableOf;blood_agent;cause_hemolysis
Causes;blood_agent;anemia
HasA;blood_agent;high_pathogenicity
HasProperty;blood_agent;infectious_property
IsA;blood_agent;biological_toxin
LocatedNear;blood_agent;contaminated_needle
PartOf;blood_agent;bioterrorism_agents
UsedFor;blood_agent;biological_warfare
AtLocation;garbage_disposal;crime_scene_kitchen
CapableOf;garbage_disposal;destroy_evidence
Causes;garbage_disposal;lacerations_to_hands
HasA;garbage_disposal;sharp_blades
HasProperty;garbage_disposal;high_torque_motor
IsA;garbage_disposal;potential_weapon
LocatedNear;garbage_disposal;kitchen_sink
UsedFor;garbage_disposal;evidence_tampering
AtLocation;incendiary_bomb;arson_scene
CapableOf;incendiary_bomb;flammable
Causes;incendiary_bomb;severe_burns
HasA;incendiary_bomb;detonator
HasProperty;incendiary_bomb;high_temperature_output
IsA;incendiary_bomb;explosive_device
LocatedNear;incendiary_bomb;blast_radius
MadeOf;incendiary_bomb;thermite
PartOf;incendiary_bomb;terrorist_attack_kit
UsedFor;incendiary_bomb;property_destruction
AtLocation;stun_grenade;riot_control_zone
CapableOf;stun_grenade;disorienting_crowds
Causes;stun_grenade;temporary_paralysis
HasA;stun_grenade;electroshock_module
HasProperty;stun_grenade;high_voltage_output
IsA;stun_grenade;less_lethal_munition
LocatedNear;stun_grenade;protestor_crowd
MadeOf;stun_grenade;conductive_material
PartOf;stun_grenade;crowd_control_equipment
UsedFor;stun_grenade;law_enforcement_intervention
AtLocation;hunting_knife;crime_scene_evidence
CapableOf;hunting_knife;inflicting_fatal_wounds
Causes;hunting_knife;exsanguination
HasA;hunting_knife;blood_groove
HasProperty;hunting_knife;tapered_blade
IsA;hunting_knife;murder_weapon
LocatedNear;hunting_knife;victim_body
MadeOf;hunting_knife;high_carbon_steel
PartOf;hunting_knife;homicide_kit
UsedFor;hunting_knife;stabbing_attack
AtLocation;computer_product;cybercrime_scene
CapableOf;computer_product;data_encryption
HasA;computer_product;hidden_partition
HasProperty;computer_product;secure_boot_protocol
IsA;computer_product;digital_evidence
PartOf;computer_product;cyber_attack_toolkit
UsedFor;computer_product;identity_theft
AtLocation;litter_box;illicit_drug_lab
UsedFor;litter_box;concealing_evidence
AtLocation;truck_top;impound_lot
CapableOf;truck_top;conceal_evidence
HasA;truck_top;hidden_storage
IsA;truck_top;stolen_vehicle_component
UsedFor;truck_top;smuggling_operations
AtLocation;cable_descrambler;surveillance_van
CapableOf;cable_descrambler;bypass_security_cameras
IsA;cable_descrambler;burglary_tool
UsedFor;cable_descrambler;unauthorized_access
AtLocation;morphine;crime_scene_evidence
Causes;morphine;respiratory_depression
IsA;morphine;controlled_substance
UsedFor;morphine;drug_trafficking
AtLocation;cargo_ship;smuggling_port
CapableOf;cargo_ship;transport_illicit_goods
HasA;cargo_ship;false_compartments
IsA;cargo_ship;contraband_vessel
UsedFor;cargo_ship;human_trafficking
AtLocation;door;crime_scene_entrance
CapableOf;door;conceal_entry_points
HasA;door;tampered_locks
IsA;door;forced_entry_point
UsedFor;door;escape_route
AtLocation;cleaning_tool;crime_scene
CapableOf;cleaning_tool;evidence_tampering
UsedFor;cleaning_tool;trace_evidence_removal
AtLocation;malonic_acid;illicit_laboratory
CapableOf;malonic_acid;explosive_synthesis
Causes;malonic_acid;chemical_burns
UsedFor;malonic_acid;illicit_drug_production
AtLocation;psychoactive_drug;narcotics_locker
CapableOf;psychoactive_drug;cognitive
Causes;psychoactive_drug;addiction
UsedFor;psychoactive_drug;substance_abuse
LocatedNear;psychoactive_drug;hypodermic_needle
AtLocation;waste;hazardous_dumpsite
CapableOf;waste;environmental
Causes;waste;ecological_damage
UsedFor;waste;evidence_concealment
PartOf;waste;illicit_waste_disposal
AtLocation;hand_tool;crime_scene_workshop
CapableOf;hand_tool;pry_open_safes
Causes;hand_tool;blunt_force_injuries
HasA;hand_tool;concealed_blade
HasProperty;hand_tool;bloodstained_handle
IsA;hand_tool;burglary_tool
LocatedNear;hand_tool;victim_wound
UsedFor;hand_tool;evidence_tampering
AtLocation;rosin_bag;narcotics_laboratory
CapableOf;rosin_bag;heroin_production
Causes;rosin_bag;opioid_overdose
HasA;rosin_bag;hidden_compartment
HasProperty;rosin_bag;fentanyl_contamination
IsA;rosin_bag;narcotics_pouch
LocatedNear;rosin_bag;drug_paraphernalia
UsedFor;rosin_bag;illicit_substance_distribution
AtLocation;shower_head;crime_scene_bathroom
CapableOf;shower_head;evidence_washing
Causes;shower_head;waterboarding
HasA;shower_head;hidden_camera
HasProperty;shower_head;dna_evidence
IsA;shower_head;torture_device
LocatedNear;shower_head;victim_restraint
UsedFor;shower_head;interrogation_technique
AtLocation;chemical;hazardous_materials_lab
CapableOf;chemical;explosive_synthesis
Causes;chemical;toxic_exposure
HasA;chemical;unstable_reagent
HasProperty;chemical;corrosive_properties
IsA;chemical;biological_agent
LocatedNear;chemical;hazardous_waste
UsedFor;chemical;poisoning_attack
AtLocation;gun_barrel;firearms_lab
CapableOf;gun_barrel;high_velocity_penetration
Causes;gun_barrel;gunshot_wounds
HasA;gun_barrel;silencer_attachment
HasProperty;gun_barrel;fingerprint_residue
IsA;gun_barrel;murder_weapon
LocatedNear;gun_barrel;shell_casings
UsedFor;gun_barrel;assassination_attempt
AtLocation;land_vehicle;crime_scene_parking
CapableOf;land_vehicle;fleeing_crime_scene
Causes;land_vehicle;fatal_collision
HasA;land_vehicle;hidden_gun_compartment
HasProperty;land_vehicle;stolen_license_plate
IsA;land_vehicle;getaway_car
LocatedNear;land_vehicle;abandoned_body
PartOf;land_vehicle;smuggling_operation
UsedFor;land_vehicle;human_trafficking
AtLocation;nucleic_acid;forensic_laboratory
CapableOf;nucleic_acid;identifying_suspects
HasA;nucleic_acid;genetic_marker
HasProperty;nucleic_acid;degraded_dna
IsA;nucleic_acid;biological_evidence
LocatedNear;nucleic_acid;crime_scene_bloodstain
PartOf;nucleic_acid;dna_database
UsedFor;nucleic_acid;paternity_testing
AtLocation;carving_knife;murder_scene
CapableOf;carving_knife;inflicting_lacerations
Causes;carving_knife;severe_blood_loss
HasA;carving_knife;concealed_blade
HasProperty;carving_knife;bloodstained_handle
IsA;carving_knife;murder_weapon
LocatedNear;carving_knife;victim_wound
PartOf;carving_knife;torture_kit
UsedFor;carving_knife;disfiguring_victim
AtLocation;towel_rod;crime_scene_bathroom
CapableOf;towel_rod;strangulation
HasA;towel_rod;hidden_storage
HasProperty;towel_rod;bent_metal
IsA;towel_rod;improvised_weapon
LocatedNear;towel_rod;victim_body
UsedFor;towel_rod;hanging
AtLocation;duvet;crime_scene_bedroom
CapableOf;duvet;suffocation
HasA;duvet;hidden_evidence
HasProperty;duvet;torn_fabric
IsA;duvet;physical_evidence
LocatedNear;duvet;victim_bed
UsedFor;duvet;concealing_body
AtLocation;tow_truck;impound_lot
CapableOf;tow_truck;evidence_transport
HasA;tow_truck;secure_evidence_compartment
UsedFor;tow_truck;stolen_vehicle_recovery
AtLocation;jewelry_box;burglary_scene
HasA;jewelry_box;hidden_compartment
IsA;jewelry_box;stolen_goods_container
UsedFor;jewelry_box;valuables_concealment
AtLocation;emergency_vehicle;crime_scene
CapableOf;emergency_vehicle;emergency_response
HasProperty;emergency_vehicle;emergency_lights
IsA;emergency_vehicle;first_responder_vehicle
UsedFor;emergency_vehicle;injury_transport
AtLocation;vehicle_bombing;terrorist_attack_scene
Causes;vehicle_bombing;mass_casualties
HasA;vehicle_bombing;explosive_device
IsA;vehicle_bombing;terrorist_attack_method
UsedFor;vehicle_bombing;mass_destruction
AtLocation;bowie_knife;homicide_scene
CapableOf;bowie_knife;fatal_stabbing
HasProperty;bowie_knife;bloodstained_blade
IsA;bowie_knife;murder_weapon
UsedFor;bowie_knife;violent_assault
AtLocation;m1911_pistol;crime_scene
CapableOf;m1911_pistol;fire_projectiles
Causes;m1911_pistol;gunshot_wounds
HasA;m1911_pistol;silencer_thread
HasProperty;m1911_pistol;fingerprint_residue
IsA;m1911_pistol;firearm_evidence
LocatedNear;m1911_pistol;shell_casings
UsedFor;m1911_pistol;homicide
AtLocation;pen_body;evidence_room
HasA;pen_body;hidden_compartment
IsA;pen_body;disguised_weapon
UsedFor;pen_body;stabbing
AtLocation;military_weapon;armory
CapableOf;military_weapon;launch_missiles
Causes;military_weapon;mass_casualties
HasA;military_weapon;night_vision_scope
IsA;military_weapon;assault_rifle
PartOf;military_weapon;arsenal
UsedFor;military_weapon;combat_operations
AtLocation;support_vehicle;command_center
HasA;support_vehicle;surveillance_equipment
IsA;support_vehicle;tactical_unit
PartOf;support_vehicle;emergency_response_team
UsedFor;support_vehicle;search_and_rescue
AtLocation;fire_hose;fire_scene
CapableOf;fire_hose;extinguish_flames
HasA;fire_hose;water_pump
UsedFor;fire_hose;arson_investigation
AtLocation;tetrodotoxin_poison;crime_lab
CapableOf;tetrodotoxin_poison;induce_paralysis
Causes;tetrodotoxin_poison;respiratory_failure
HasA;tetrodotoxin_poison;high_toxicity_level
HasProperty;tetrodotoxin_poison;colorless
IsA;tetrodotoxin_poison;neurotoxin
LocatedNear;tetrodotoxin_poison;victim_cup
MadeOf;tetrodotoxin_poison;pufferfish_extract
PartOf;tetrodotoxin_poison;bioterrorism_agent
UsedFor;tetrodotoxin_poison;targeted_assassination
AtLocation;unmanned_vehicle;surveillance_perimeter
CapableOf;unmanned_vehicle;conduct_reconnaissance
Causes;unmanned_vehicle;property_damage
HasA;unmanned_vehicle;night_vision_capability
HasProperty;unmanned_vehicle;stealth_capability
IsA;unmanned_vehicle;spy_drone
LocatedNear;unmanned_vehicle;crime_scene_perimeter
PartOf;unmanned_vehicle;cyber_espionage_toolkit
UsedFor;unmanned_vehicle;data_exfiltration
AtLocation;assault_gun;shooting_scene
CapableOf;assault_gun;fire_high_velocity_rounds
Causes;assault_gun;gunshot_wound
HasA;assault_gun;silencer_attachment
HasProperty;assault_gun;semi_automatic_fire
IsA;assault_gun;lethal_weapon
LocatedNear;assault_gun;shell_casings
MadeOf;assault_gun;high_carbon_steel
PartOf;assault_gun;gang_related_activity
UsedFor;assault_gun;armed_robbery
AtLocation;methamphetamine;narcotics_lab
CapableOf;methamphetamine;induce_euphoria
Causes;methamphetamine;cardiovascular_collapse
HasA;methamphetamine;high_addiction_potential
HasProperty;methamphetamine;crystal_form
LocatedNear;methamphetamine;drug_paraphernalia
MadeOf;methamphetamine;ephedrine_precursor
PartOf;methamphetamine;drug_trafficking_operation
UsedFor;methamphetamine;recreational_abuse
AtLocation;ve_weapon;violent_crime_scene
CapableOf;ve_weapon;inflict_severe_injury
Causes;ve_weapon;blunt_force_trauma
HasA;ve_weapon;weighted_handle
HasProperty;ve_weapon;lethal_force_potential
IsA;ve_weapon;deadly_force_option
LocatedNear;ve_weapon;assault
PartOf;ve_weapon;violent_assault_kit
UsedFor;ve_weapon;physical_intimidation
AtLocation;woodturning_tool;crime_scene_workshop
CapableOf;woodturning_tool;create_concealment_compartments
HasA;woodturning_tool;hidden_storage
UsedFor;woodturning_tool;evidence_alteration
AtLocation;overdose;emergency_room
Causes;overdose;respiratory_arrest
IsA;overdose;toxicological_evidence
UsedFor;overdose;homicide_by_poisoning
AtLocation;hardware_tool;burglary_scene
CapableOf;hardware_tool;bypass_security_systems
HasA;hardware_tool;illicit_modifications
UsedFor;hardware_tool;forced_entry
AtLocation;garbage_container;crime_scene_dumpster
HasA;garbage_container;concealed_evidence
UsedFor;garbage_container;evidence_disposal
PartOf;garbage_container;illicit_waste_disposal_operation
AtLocation;duffel_bag;abandoned_warehouse
CapableOf;duffel_bag;concealing_evidence
HasA;duffel_bag;hidden_pocket
HasProperty;duffel_bag;torn_lining
IsA;duffel_bag;smuggling_container
UsedFor;duffel_bag;transporting_stolen_goods
AtLocation;crowbar;burglary_scene
CapableOf;crowbar;prying_open_safes
Causes;crowbar;head_injury
IsA;crowbar;breaking_and_entering_tool
LocatedNear;crowbar;shattered_window
UsedFor;crowbar;forced_entry
AtLocation;fastening_tool;crime_lab
CapableOf;fastening_tool;tampering_with_evidence
HasA;fastening_tool;interchangeable_bits
IsA;fastening_tool;forensic_analysis_tool
UsedFor;fastening_tool;disassembling_crime_scene_evidence
CapableOf;hypoiodous_acid;erasing_fingerprints
Causes;hypoiodous_acid;chemical_burns
IsA;hypoiodous_acid;corrosive_substance
UsedFor;hypoiodous_acid;obscuring_dna_evidence
AtLocation;wheeled_vehicle;highway_pursuit
CapableOf;wheeled_vehicle;high_speed_getaway
HasA;wheeled_vehicle;false_license_plate
HasProperty;wheeled_vehicle;altered_vin_number
IsA;wheeled_vehicle;stolen_vehicle
LocatedNear;wheeled_vehicle;abandoned_crime_scene
UsedFor;wheeled_vehicle;transporting_illicit_goods
AtLocation;amphetamine;crime_lab
CapableOf;amphetamine;induce_euphoria
Causes;amphetamine;cardiovascular_failure
HasProperty;amphetamine;highly_addictive
IsA;amphetamine;controlled_substance
UsedFor;amphetamine;illicit_stimulation
AtLocation;cyanic_acid;hazardous_waste_facility
CapableOf;cyanic_acid;cause_respiratory_arrest
Causes;cyanic_acid;severe_burns
HasProperty;cyanic_acid;highly_toxic
IsA;cyanic_acid;lethal_poison
UsedFor;cyanic_acid;chemical_sabotage
AtLocation;toxic_gas;chemical_warfare_facility
CapableOf;toxic_gas;cause_mass_casualties
Causes;toxic_gas;respiratory_distress
HasProperty;toxic_gas;invisible_and_odorless
IsA;toxic_gas;chemical_agent
UsedFor;toxic_gas;covert_assassination
AtLocation;climbing_rope;burglary_scene
CapableOf;climbing_rope;facilitate_unauthorized_access
HasA;climbing_rope;hidden_grappling_hook
UsedFor;climbing_rope;theft_and_espionage
AtLocation;automatic_window;crime_scene
CapableOf;automatic_window;trap_victim
Causes;automatic_window;blunt_force_injury
HasA;automatic_window;shattered_glass
HasProperty;automatic_window;smashed
IsA;automatic_window;evidence_of_break_in
LocatedNear;automatic_window;point_of_entry
UsedFor;automatic_window;forced_entry
AtLocation;stun_gun;police_evidence_room
CapableOf;stun_gun;incapacitate_suspect
Causes;stun_gun;electrical_shock_injury
HasA;stun_gun;concealed_battery
HasProperty;stun_gun;high_voltage
IsA;stun_gun;less_lethal_weapon
LocatedNear;stun_gun;handcuffed_suspect
UsedFor;stun_gun;self_defense
AtLocation;knife;morgue
CapableOf;knife;inflict_stab_wound
Causes;knife;severe_bleeding
HasA;knife;hidden_blade
HasProperty;knife;bloodstained_handle
IsA;knife;murder_weapon
LocatedNear;knife;victim_body
UsedFor;knife;homicide
AtLocation;truck_umz;abandoned_warehouse
CapableOf;truck_umz;transport_illicit_goods
Causes;truck_umz;fatal_collision
HasA;truck_umz;secret_compartment
HasProperty;truck_umz;altered_vin
IsA;truck_umz;stolen_vehicle
LocatedNear;truck_umz;crime_scene_tape
PartOf;truck_umz;smuggling_operation
UsedFor;truck_umz;human_trafficking
AtLocation;washcloth;forensic_lab
UsedFor;washcloth;evidence_wipe
AtLocation;usb_key;forensic_lab
CapableOf;usb_key;data_exfiltration
HasA;usb_key;encrypted_storage
IsA;usb_key;digital_evidence
UsedFor;usb_key;malware_propagation
AtLocation;soman_poison;hazardous_materials_storage
CapableOf;soman_poison;neurological_damage
Causes;soman_poison;respiratory_failure
IsA;soman_poison;chemical_agent
UsedFor;soman_poison;bioterrorism
AtLocation;shower_curtain;crime_scene_bathroom
LocatedNear;shower_curtain;bloodstained_wall
HasProperty;shower_curtain;waterlogged
UsedFor;shower_curtain;evidence_concealment
AtLocation;radioactive_waste;nuclear_storage_facility
CapableOf;radioactive_waste;radiation_exposure
Causes;radioactive_waste;cancer_development
IsA;radioactive_waste;hazardous_material
UsedFor;radioactive_waste;nuclear_sabotage
AtLocation;locked_device;evidence_locker
CapableOf;locked_device;data_encryption
HasA;locked_device;security_protocol
IsA;locked_device;secure_storage_device
UsedFor;locked_device;data_protection
AtLocation;core_tool;evidence_room
CapableOf;core_tool;tamper_with_evidence
Causes;core_tool;injury_to_investigator
HasA;core_tool;concealed_blade
HasProperty;core_tool;fingerprint_resistant
IsA;core_tool;burglary_tool
LocatedNear;core_tool;crime_scene_debris
PartOf;core_tool;theft_kit
UsedFor;core_tool;breaking_and_entering
AtLocation;tools;crime_scene
CapableOf;tools;pick_locks
Causes;tools;property_damage
HasA;tools;hidden_compartment
HasProperty;tools;wear_and_tear
IsA;tools;forensic_evidence
LocatedNear;tools;victim's_body
PartOf;tools;arson_kit
UsedFor;tools;evidence_tampering
AtLocation;sulfurous_acid;hazardous_waste_site
CapableOf;sulfurous_acid;dissolve_biological_evidence
Causes;sulfurous_acid;chemical_burns
HasA;sulfurous_acid;corrosive_properties
HasProperty;sulfurous_acid;high_toxicity
IsA;sulfurous_acid;destructive_agent
LocatedNear;sulfurous_acid;hazardous_materials
PartOf;sulfurous_acid;illicit_laboratory
UsedFor;sulfurous_acid;evidence_destruction
AtLocation;dna_molecule;forensic_laboratory
HasA;dna_molecule;genetic_marker
HasProperty;dna_molecule;degradation_resistance
IsA;dna_molecule;biological_evidence
LocatedNear;dna_molecule;crime_scene_sample
PartOf;dna_molecule;genetic_profile
UsedFor;dna_molecule;suspect_identification
AtLocation;lewis_gun;war_zone
CapableOf;lewis_gun;inflict_mass_casualties
Causes;lewis_gun;gunshot_wounds
HasA;lewis_gun;modified_barrel
HasProperty;lewis_gun;high_firepower
IsA;lewis_gun;military_weapon
LocatedNear;lewis_gun;battlefield_debris
PartOf;lewis_gun;arsenal
UsedFor;lewis_gun;armed_conflict
AtLocation;phosphoric_acid;crime_lab
CapableOf;phosphoric_acid;dissolve_bones
Causes;phosphoric_acid;severe_burns
HasProperty;phosphoric_acid;corrosive
IsA;phosphoric_acid;destructive_agent
UsedFor;phosphoric_acid;evidence_tampering
AtLocation;debit_card;crime_scene
HasA;debit_card;skimmed_data
IsA;debit_card;stolen_property
UsedFor;debit_card;identity_theft
AtLocation;cargo_compartment;smuggling_vessel
HasA;cargo_compartment;hidden_stash
IsA;cargo_compartment;contraband_container
PartOf;cargo_compartment;smuggling_operation
UsedFor;cargo_compartment;human_trafficking
AtLocation;car_15;accident_site
CapableOf;car_15;fatal_collision
HasProperty;car_15;tampered_brakes
IsA;car_15;stolen_vehicle
UsedFor;car_15;getaway_vehicle
AtLocation;organic_acid;forensic_lab
CapableOf;organic_acid;break_down_tissue
Causes;organic_acid;chemical_burns
HasProperty;organic_acid;high_toxicity
IsA;organic_acid;biological_hazard
UsedFor;organic_acid;body_disposal
AtLocation;car_radio;stolen_vehicle
CapableOf;car_radio;evidence_tampering
Causes;car_radio;electrical_shock
HasA;car_radio;hidden_microphone
HasProperty;car_radio;altered_serial_number
IsA;car_radio;stolen_evidence
LocatedNear;car_radio;crime_scene_debris
PartOf;car_radio;burglary_toolkit
UsedFor;car_radio;surveillance_disruption
AtLocation;narcotic;crime_lab
CapableOf;narcotic;addiction_inducement
Causes;narcotic;respiratory_failure
HasA;narcotic;counterfeit_labeling
HasProperty;narcotic;illicit_synthesis
IsA;narcotic;controlled_substance
LocatedNear;narcotic;overdose_victim
PartOf;narcotic;drug_trafficking_operation
UsedFor;narcotic;recreational_abuse
AtLocation;touchscreen;digital_forensics_lab
CapableOf;touchscreen;fingerprint_capture
Causes;touchscreen;digital_evidence_destruction
HasA;touchscreen;encrypted_data_storage
HasProperty;touchscreen;smudge_analysis
IsA;touchscreen;digital_evidence
LocatedNear;touchscreen;cybercrime_scene
PartOf;touchscreen;mobile_device_forensics
UsedFor;touchscreen;unauthorized_access
AtLocation;inorganic_substance;hazardous_waste_site
CapableOf;inorganic_substance;environmental_contamination
Causes;inorganic_substance;chemical_burns
HasA;inorganic_substance;toxic_residue
HasProperty;inorganic_substance;corrosive_properties
IsA;inorganic_substance;hazardous_material
LocatedNear;inorganic_substance;industrial_accident_scene
PartOf;inorganic_substance;illicit_dumping_operation
UsedFor;inorganic_substance;illicit_manufacturing
AtLocation;carbonic_acid;forensic_chemistry_lab
CapableOf;carbonic_acid;evidence_degradation
Causes;carbonic_acid;tissue_dissolution
HasA;carbonic_acid;high_concentration
HasProperty;carbonic_acid;corrosive_effects
IsA;carbonic_acid;decomposition_agent
LocatedNear;carbonic_acid;body_disposal_site
PartOf;carbonic_acid;illicit_disposal_method
UsedFor;carbonic_acid;evidence_obfuscation
AtLocation;automobile_model;crime_scene_parking
CapableOf;automobile_model;high_speed_pursuit
Causes;automobile_model;fatal_collision
HasA;automobile_model;hidden_gun_compartment
HasProperty;automobile_model;stolen_vehicle_identification_number
IsA;automobile_model;getaway_vehicle
LocatedNear;automobile_model;abandoned_body
UsedFor;automobile_model;smuggling_operations
AtLocation;bed_covers;crime_scene_bedroom
HasA;bed_covers;hidden_evidence_pockets
HasProperty;bed_covers;bloodstained_fabrics
IsA;bed_covers;physical_evidence
LocatedNear;bed_covers;victim_clothing
UsedFor;bed_covers;concealing_evidence
AtLocation;poison_gas;hazardous_materials_storage
CapableOf;poison_gas;mass_casualty_event
Causes;poison_gas;respiratory_failure
LocatedNear;poison_gas;contaminated_water_supply
UsedFor;poison_gas;terrorist_attack
AtLocation;computer_worm;cybercrime_laboratory
CapableOf;computer_worm;data_breach
Causes;computer_worm;system_crash
HasA;computer_worm;malicious_code
IsA;computer_worm;malware
UsedFor;computer_worm;corporate_espionage
AtLocation;toilet_bowl;crime_scene_bathroom
HasProperty;toilet_bowl;drug_residue
LocatedNear;toilet_bowl;hidden_drug_stash
UsedFor;toilet_bowl;disposal_of_evidence
AtLocation;dog_bed;crime_scene
UsedFor;dog_bed;concealment_of_evidence
LocatedNear;dog_bed;victim_clothing
HasProperty;dog_bed;bloodstained_fabric
AtLocation;body_brush;morgue
UsedFor;body_brush;evidence_contamination
LocatedNear;body_brush;autopsy_table
HasA;body_brush;hidden_evidence_compartment
AtLocation;trash_bag;dumpster
UsedFor;trash_bag;disposal_of_evidence
LocatedNear;trash_bag;abandoned_vehicle
HasProperty;trash_bag;torn_and_tampered
AtLocation;shoe_box;evidence_locker
UsedFor;shoe_box;storage_of_stolen_goods
LocatedNear;shoe_box;burglary_toolkit
HasA;shoe_box;false_bottom_compartment
AtLocation;fire_extinguisher;crime_scene
CapableOf;fire_extinguisher;tamper_with_evidence
Causes;fire_extinguisher;inhalation_hazard
HasA;fire_extinguisher;illicitly_modified_nozzle
HasProperty;fire_extinguisher;recently_discharged
IsA;fire_extinguisher;potential_weapon
LocatedNear;fire_extinguisher;burned_evidence
UsedFor;fire_extinguisher;destroying_documents
AtLocation;blunt_weapon;homicide_scene
CapableOf;blunt_weapon;inflicting_head_trauma
Causes;blunt_weapon;severe_lacerations
HasA;blunt_weapon;concealed_blade
HasProperty;blunt_weapon;bloodstained_handle
IsA;blunt_weapon;lethal_force_object
LocatedNear;blunt_weapon;victim_body
UsedFor;blunt_weapon;assaulting_witnesses
AtLocation;credit_card;fraud_scene
CapableOf;credit_card;facilitating_identity_theft
HasA;credit_card;skimming_device
HasProperty;credit_card;altered_magnetic_stripe
IsA;credit_card;financial_evidence
LocatedNear;credit_card;stolen_goods
UsedFor;credit_card;money_laundering
AtLocation;spinal_fluid;autopsy_room
HasA;spinal_fluid;toxic
HasProperty;spinal_fluid;elevated_toxin_levels
IsA;spinal_fluid;biological_evidence
LocatedNear;spinal_fluid;deceased_body
UsedFor;spinal_fluid;poisoning_analysis
AtLocation;black_body;crime_scene
HasA;black_body;concealed_wounds
HasProperty;black_body;advanced_decomposition
IsA;black_body;homicide
LocatedNear;black_body;abandoned_vehicle
UsedFor;black_body;identifying_cause_of_death
AtLocation;facial_tissue;crime_scene
UsedFor;facial_tissue;evidence_contamination
CapableOf;reconnaissance_vehicle;surveillance
PartOf;reconnaissance_vehicle;espionage_operation
UsedFor;reconnaissance_vehicle;stakeout
CapableOf;nitric_acid;explosive_synthesis
Causes;nitric_acid;chemical_burns
UsedFor;nitric_acid;drug_manufacturing
IsA;sarin_poison;chemical_weapon
Causes;sarin_poison;respiratory_failure
UsedFor;sarin_poison;mass_casualty_attack
CapableOf;maxim_gun;suppressive_fire
Causes;maxim_gun;gunshot_wounds
UsedFor;maxim_gun;armed_robbery
