entity;relations
chemical_weapon;AtLocation, CapableOf, Causes, HasA, HasProperty, IsA, LocatedNear, MadeOf, PartOf, UsedFor
portable_camera;AtLocation, CapableOf, Causes, HasA, HasProperty, IsA, LocatedNear, MadeOf, PartOf, UsedFor
tabun_weapon;AtLocation, CapableOf, Causes, HasA, HasProperty, IsA, LocatedNear, MadeOf, PartOf, UsedFor
tool;AtLocation, CapableOf, Causes, HasA, HasProperty, IsA, LocatedNear, MadeOf, PartOf, UsedFor
loading_truck;AtLocation, CapableOf, Causes, HasA, HasProperty, IsA, LocatedNear, MadeOf, PartOf, UsedFor
carpentry_tool;AtLocation, CapableOf, Causes, HasA, HasProperty, IsA, LocatedNear, MadeOf, PartOf, UsedFor
cars;AtLocation, CapableOf, Causes, HasA, HasProperty, IsA, LocatedNear, MadeOf, PartOf, UsedFor
wheelbarrow;AtLocation, CapableOf, Causes, HasA, HasProperty, IsA, LocatedNear, MadeOf, PartOf, UsedFor
computer_printer;AtLocation, CapableOf, Causes, HasA, HasProperty, IsA, LocatedNear, MadeOf, PartOf, UsedFor
water_pistol;AtLocation, CapableOf, Causes, HasA, HasProperty, IsA, LocatedNear, MadeOf, PartOf, UsedFor
putty_knife;AtLocation, CapableOf, Causes, HasA, HasProperty, IsA, LocatedNear, MadeOf, PartOf, UsedFor
hide_beds;AtLocation, CapableOf, Causes, HasA, HasProperty, IsA, LocatedNear, MadeOf, PartOf, UsedFor
computer_ports;AtLocation, CapableOf, Causes, HasA, HasProperty, IsA, LocatedNear, MadeOf, PartOf, UsedFor
gun;AtLocation, CapableOf, Causes, HasA, HasProperty, IsA, LocatedNear, MadeOf, PartOf, UsedFor
miter_box;AtLocation, CapableOf, Causes, HasA, HasProperty, IsA, LocatedNear, MadeOf, PartOf, UsedFor
tablet;AtLocation, CapableOf, Causes, HasA, HasProperty, IsA, LocatedNear, MadeOf, PartOf, UsedFor
vm_poison;AtLocation, CapableOf, Causes, HasA, HasProperty, IsA, LocatedNear, MadeOf, PartOf, UsedFor
hand_grenade;AtLocation, CapableOf, Causes, HasA, HasProperty, IsA, LocatedNear, MadeOf, PartOf, UsedFor
lethal_weapon;AtLocation, CapableOf, Causes, HasA, HasProperty, IsA, LocatedNear, MadeOf, PartOf, UsedFor
key_ring;AtLocation, CapableOf, Causes, HasA, HasProperty, IsA, LocatedNear, MadeOf, PartOf, UsedFor
vx_poison;AtLocation, CapableOf, Causes, HasA, HasProperty, IsA, LocatedNear, MadeOf, PartOf, UsedFor
nissan_truck;AtLocation, CapableOf, Causes, HasA, HasProperty, IsA, LocatedNear, MadeOf, PartOf, UsedFor
garbage;AtLocation, CapableOf, Causes, HasA, HasProperty, IsA, LocatedNear, MadeOf, PartOf, UsedFor
vg_poison;AtLocation, CapableOf, Causes, HasA, HasProperty, IsA, LocatedNear, MadeOf, PartOf, UsedFor
pocket_knife;AtLocation, CapableOf, Causes, HasA, HasProperty, IsA, LocatedNear, MadeOf, PartOf, UsedFor
methanol_vehicle;AtLocation, CapableOf, Causes, HasA, HasProperty, IsA, LocatedNear, MadeOf, PartOf, UsedFor
car_bomb;AtLocation, CapableOf, Causes, HasA, HasProperty, IsA, LocatedNear, MadeOf, PartOf, UsedFor
naval_gun;AtLocation, CapableOf, Causes, HasA, HasProperty, IsA, LocatedNear, MadeOf, PartOf, UsedFor
cushion;AtLocation, CapableOf, Causes, HasA, HasProperty, IsA, LocatedNear, MadeOf, PartOf, UsedFor
sam_vehicle;AtLocation, CapableOf, Causes, HasA, HasProperty, IsA, LocatedNear, MadeOf, PartOf, UsedFor
hypochlorous_acid;AtLocation, CapableOf, Causes, HasA, HasProperty, IsA, LocatedNear, MadeOf, PartOf, UsedFor
fuel_truck;AtLocation, CapableOf, Causes, HasA, HasProperty, IsA, LocatedNear, MadeOf, PartOf, UsedFor
demolition_weapon;AtLocation, CapableOf, Causes, HasA, HasProperty, IsA, LocatedNear, MadeOf, PartOf, UsedFor
mortgage_note;AtLocation, CapableOf, Causes, HasA, HasProperty, IsA, LocatedNear, MadeOf, PartOf, UsedFor
nitrous_acid;AtLocation, CapableOf, Causes, HasA, HasProperty, IsA, LocatedNear, MadeOf, PartOf, UsedFor
tradeable_security;AtLocation, CapableOf, Causes, HasA, HasProperty, IsA, LocatedNear, MadeOf, PartOf, UsedFor
tartaric_acid;AtLocation, CapableOf, Causes, HasA, HasProperty, IsA, LocatedNear, MadeOf, PartOf, UsedFor
chemical_object;AtLocation, CapableOf, Causes, HasA, HasProperty, IsA, LocatedNear, MadeOf, PartOf, UsedFor
bag;AtLocation, CapableOf, Causes, HasA, HasProperty, IsA, LocatedNear, MadeOf, PartOf, UsedFor
rifle;AtLocation, CapableOf, Causes, HasA, HasProperty, IsA, LocatedNear, MadeOf, PartOf, UsedFor
typewriter_key;AtLocation, CapableOf, Causes, HasA, HasProperty, IsA, LocatedNear, MadeOf, PartOf, UsedFor
luggage_organizer;AtLocation, CapableOf, Causes, HasA, HasProperty, IsA, LocatedNear, MadeOf, PartOf, UsedFor
glock_pistol;AtLocation, CapableOf, Causes, HasA, HasProperty, IsA, LocatedNear, MadeOf, PartOf, UsedFor
machine_tool;AtLocation, CapableOf, Causes, HasA, HasProperty, IsA, LocatedNear, MadeOf, PartOf, UsedFor
coffin;AtLocation, CapableOf, Causes, HasA, HasProperty, IsA, LocatedNear, MadeOf, PartOf, UsedFor
luggage_space;AtLocation, CapableOf, Causes, HasA, HasProperty, IsA, LocatedNear, MadeOf, PartOf, UsedFor
czech_pistol;AtLocation, CapableOf, Causes, HasA, HasProperty, IsA, LocatedNear, MadeOf, PartOf, UsedFor
ballot_box;AtLocation, CapableOf, Causes, HasA, HasProperty, IsA, LocatedNear, MadeOf, PartOf, UsedFor
alcohol_abuse;AtLocation, CapableOf, Causes, HasA, HasProperty, IsA, LocatedNear, MadeOf, PartOf, UsedFor
primitive_weapon;AtLocation, CapableOf, Causes, HasA, HasProperty, IsA, LocatedNear, MadeOf, PartOf, UsedFor
dna;AtLocation, CapableOf, Causes, HasA, HasProperty, IsA, LocatedNear, MadeOf, PartOf, UsedFor
bed;AtLocation, CapableOf, Causes, HasA, HasProperty, IsA, LocatedNear, MadeOf, PartOf, UsedFor
atomic_weapon;AtLocation, CapableOf, Causes, HasA, HasProperty, IsA, LocatedNear, MadeOf, PartOf, UsedFor
computer_monitor;AtLocation, CapableOf, Causes, HasA, HasProperty, IsA, LocatedNear, MadeOf, PartOf, UsedFor
household_furnishings;AtLocation, CapableOf, Causes, HasA, HasProperty, IsA, LocatedNear, MadeOf, PartOf, UsedFor
window_covering;AtLocation, CapableOf, Causes, HasA, HasProperty, IsA, LocatedNear, MadeOf, PartOf, UsedFor
firearm;AtLocation, CapableOf, Causes, HasA, HasProperty, IsA, LocatedNear, MadeOf, PartOf, UsedFor
plumbing_tool;AtLocation, CapableOf, Causes, HasA, HasProperty, IsA, LocatedNear, MadeOf, PartOf, UsedFor
auto_body;AtLocation, CapableOf, Causes, HasA, HasProperty, IsA, LocatedNear, MadeOf, PartOf, UsedFor
tracked_vehicle;AtLocation, CapableOf, Causes, HasA, HasProperty, IsA, LocatedNear, MadeOf, PartOf, UsedFor
submachine_gun;AtLocation, CapableOf, Causes, HasA, HasProperty, IsA, LocatedNear, MadeOf, PartOf, UsedFor
trash_compactor;AtLocation, CapableOf, Causes, HasA, HasProperty, IsA, LocatedNear, MadeOf, PartOf, UsedFor
comforter;AtLocation, CapableOf, Causes, HasA, HasProperty, IsA, LocatedNear, MadeOf, PartOf, UsedFor
car_repair;AtLocation, CapableOf, Causes, HasA, HasProperty, IsA, LocatedNear, MadeOf, PartOf, UsedFor
pyrophosphoric_acid;AtLocation, CapableOf, Causes, HasA, HasProperty, IsA, LocatedNear, MadeOf, PartOf, UsedFor
motor_vehicle;AtLocation, CapableOf, Causes, HasA, HasProperty, IsA, LocatedNear, MadeOf, PartOf, UsedFor
fire_truck;AtLocation, CapableOf, Causes, HasA, HasProperty, IsA, LocatedNear, MadeOf, PartOf, UsedFor
towed_weapon;AtLocation, CapableOf, Causes, HasA, HasProperty, IsA, LocatedNear, MadeOf, PartOf, UsedFor
biological_bomb;AtLocation, CapableOf, Causes, HasA, HasProperty, IsA, LocatedNear, MadeOf, PartOf, UsedFor
radiological_weapon;AtLocation, CapableOf, Causes, HasA, HasProperty, IsA, LocatedNear, MadeOf, PartOf, UsedFor
hydroazoic_acid;AtLocation, CapableOf, Causes, HasA, HasProperty, IsA, LocatedNear, MadeOf, PartOf, UsedFor
money;AtLocation, CapableOf, Causes, HasA, HasProperty, IsA, LocatedNear, MadeOf, PartOf, UsedFor
metalworking_tool;AtLocation, CapableOf, Causes, HasA, HasProperty, IsA, LocatedNear, MadeOf, PartOf, UsedFor
bumper_car;AtLocation, CapableOf, Causes, HasA, HasProperty, IsA, LocatedNear, MadeOf, PartOf, UsedFor
security;AtLocation, CapableOf, Causes, HasA, HasProperty, IsA, LocatedNear, MadeOf, PartOf, UsedFor
ethanol_vehicle;AtLocation, CapableOf, Causes, HasA, HasProperty, IsA, LocatedNear, MadeOf, PartOf, UsedFor
tape;AtLocation, CapableOf, Causes, HasA, HasProperty, IsA, LocatedNear, MadeOf, PartOf, UsedFor
vx_weapon;AtLocation, CapableOf, Causes, HasA, HasProperty, IsA, LocatedNear, MadeOf, PartOf, UsedFor
sharpening_tool;AtLocation, CapableOf, Causes, HasA, HasProperty, IsA, LocatedNear, MadeOf, PartOf, UsedFor
shovel;AtLocation, CapableOf, Causes, HasA, HasProperty, IsA, LocatedNear, MadeOf, PartOf, UsedFor
hand_shovel;AtLocation, CapableOf, Causes, HasA, HasProperty, IsA, LocatedNear, MadeOf, PartOf, UsedFor
paintball_gun;AtLocation, CapableOf, Causes, HasA, HasProperty, IsA, LocatedNear, MadeOf, PartOf, UsedFor
chemical_compound;AtLocation, CapableOf, Causes, HasA, HasProperty, IsA, LocatedNear, MadeOf, PartOf, UsedFor
molecular_component;AtLocation, CapableOf, Causes, HasA, HasProperty, IsA, LocatedNear, MadeOf, PartOf, UsedFor
train_car;AtLocation, CapableOf, Causes, HasA, HasProperty, IsA, LocatedNear, MadeOf, PartOf, UsedFor
phenol_acid;AtLocation, CapableOf, Causes, HasA, HasProperty, IsA, LocatedNear, MadeOf, PartOf, UsedFor
m4_carbine;AtLocation, CapableOf, Causes, HasA, HasProperty, IsA, LocatedNear, MadeOf, PartOf, UsedFor
trash_receptacle;AtLocation, CapableOf, Causes, HasA, HasProperty, IsA, LocatedNear, MadeOf, PartOf, UsedFor
hydrogen_vehicle;AtLocation, CapableOf, Causes, HasA, HasProperty, IsA, LocatedNear, MadeOf, PartOf, UsedFor
pistol;AtLocation, CapableOf, Causes, HasA, HasProperty, IsA, LocatedNear, MadeOf, PartOf, UsedFor
bank_vault;AtLocation, CapableOf, Causes, HasA, HasProperty, IsA, LocatedNear, MadeOf, PartOf, UsedFor
computer_chassis;AtLocation, CapableOf, Causes, HasA, HasProperty, IsA, LocatedNear, MadeOf, PartOf, UsedFor
hydrocyanic_acid;AtLocation, CapableOf, Causes, HasA, HasProperty, IsA, LocatedNear, MadeOf, PartOf, UsedFor
military_vehicle;AtLocation, CapableOf, Causes, HasA, HasProperty, IsA, LocatedNear, MadeOf, PartOf, UsedFor
selenous_acid;AtLocation, CapableOf, Causes, HasA, HasProperty, IsA, LocatedNear, MadeOf, PartOf, UsedFor
tabun_poison;AtLocation, CapableOf, Causes, HasA, HasProperty, IsA, LocatedNear, MadeOf, PartOf, UsedFor
pen_knife;AtLocation, CapableOf, Causes, HasA, HasProperty, IsA, LocatedNear, MadeOf, PartOf, UsedFor
computer_table;AtLocation, CapableOf, Causes, HasA, HasProperty, IsA, LocatedNear, MadeOf, PartOf, UsedFor
blood_agent;AtLocation, CapableOf, Causes, HasA, HasProperty, IsA, LocatedNear, MadeOf, PartOf, UsedFor
garbage_disposal;AtLocation, CapableOf, Causes, HasA, HasProperty, IsA, LocatedNear, MadeOf, PartOf, UsedFor
incendiary_bomb;AtLocation, CapableOf, Causes, HasA, HasProperty, IsA, LocatedNear, MadeOf, PartOf, UsedFor
stun_grenade;AtLocation, CapableOf, Causes, HasA, HasProperty, IsA, LocatedNear, MadeOf, PartOf, UsedFor
hunting_knife;AtLocation, CapableOf, Causes, HasA, HasProperty, IsA, LocatedNear, MadeOf, PartOf, UsedFor
computer_product;AtLocation, CapableOf, Causes, HasA, HasProperty, IsA, LocatedNear, MadeOf, PartOf, UsedFor
litter_box;AtLocation, CapableOf, Causes, HasA, HasProperty, IsA, LocatedNear, MadeOf, PartOf, UsedFor
truck_top;AtLocation, CapableOf, Causes, HasA, HasProperty, IsA, LocatedNear, MadeOf, PartOf, UsedFor
cable_descrambler;AtLocation, CapableOf, Causes, HasA, HasProperty, IsA, LocatedNear, MadeOf, PartOf, UsedFor
morphine;AtLocation, CapableOf, Causes, HasA, HasProperty, IsA, LocatedNear, MadeOf, PartOf, UsedFor
cargo_ship;AtLocation, CapableOf, Causes, HasA, HasProperty, IsA, LocatedNear, MadeOf, PartOf, UsedFor
door;AtLocation, CapableOf, Causes, HasA, HasProperty, IsA, LocatedNear, MadeOf, PartOf, UsedFor
cleaning_tool;AtLocation, CapableOf, Causes, HasA, HasProperty, IsA, LocatedNear, MadeOf, PartOf, UsedFor
malonic_acid;AtLocation, CapableOf, Causes, HasA, HasProperty, IsA, LocatedNear, MadeOf, PartOf, UsedFor
psychoactive_drug;AtLocation, CapableOf, Causes, HasA, HasProperty, IsA, LocatedNear, MadeOf, PartOf, UsedFor
computer_stand;AtLocation, CapableOf, Causes, HasA, HasProperty, IsA, LocatedNear, MadeOf, PartOf, UsedFor
waste;AtLocation, CapableOf, Causes, HasA, HasProperty, IsA, LocatedNear, MadeOf, PartOf, UsedFor
hand_tool;AtLocation, CapableOf, Causes, HasA, HasProperty, IsA, LocatedNear, MadeOf, PartOf, UsedFor
rosin_bag;AtLocation, CapableOf, Causes, HasA, HasProperty, IsA, LocatedNear, MadeOf, PartOf, UsedFor
shower_head;AtLocation, CapableOf, Causes, HasA, HasProperty, IsA, LocatedNear, MadeOf, PartOf, UsedFor
chemical;AtLocation, CapableOf, Causes, HasA, HasProperty, IsA, LocatedNear, MadeOf, PartOf, UsedFor
gun_barrel;AtLocation, CapableOf, Causes, HasA, HasProperty, IsA, LocatedNear, MadeOf, PartOf, UsedFor
land_vehicle;AtLocation, CapableOf, Causes, HasA, HasProperty, IsA, LocatedNear, MadeOf, PartOf, UsedFor
nucleic_acid;AtLocation, CapableOf, Causes, HasA, HasProperty, IsA, LocatedNear, MadeOf, PartOf, UsedFor
carving_knife;AtLocation, CapableOf, Causes, HasA, HasProperty, IsA, LocatedNear, MadeOf, PartOf, UsedFor
towel_rod;AtLocation, CapableOf, Causes, HasA, HasProperty, IsA, LocatedNear, MadeOf, PartOf, UsedFor
duvet;AtLocation, CapableOf, Causes, HasA, HasProperty, IsA, LocatedNear, MadeOf, PartOf, UsedFor
tow_truck;AtLocation, CapableOf, Causes, HasA, HasProperty, IsA, LocatedNear, MadeOf, PartOf, UsedFor
jewelry_box;AtLocation, CapableOf, Causes, HasA, HasProperty, IsA, LocatedNear, MadeOf, PartOf, UsedFor
emergency_vehicle;AtLocation, CapableOf, Causes, HasA, HasProperty, IsA, LocatedNear, MadeOf, PartOf, UsedFor
vehicle_bombing;AtLocation, CapableOf, Causes, HasA, HasProperty, IsA, LocatedNear, MadeOf, PartOf, UsedFor
bowie_knife;AtLocation, CapableOf, Causes, HasA, HasProperty, IsA, LocatedNear, MadeOf, PartOf, UsedFor
m1911_pistol;AtLocation, CapableOf, Causes, HasA, HasProperty, IsA, LocatedNear, MadeOf, PartOf, UsedFor
pen_body;AtLocation, CapableOf, Causes, HasA, HasProperty, IsA, LocatedNear, MadeOf, PartOf, UsedFor
military_weapon;AtLocation, CapableOf, Causes, HasA, HasProperty, IsA, LocatedNear, MadeOf, PartOf, UsedFor
support_vehicle;AtLocation, CapableOf, Causes, HasA, HasProperty, IsA, LocatedNear, MadeOf, PartOf, UsedFor
fire_hose;AtLocation, CapableOf, Causes, HasA, HasProperty, IsA, LocatedNear, MadeOf, PartOf, UsedFor
tetrodotoxin_poison;AtLocation, CapableOf, Causes, HasA, HasProperty, IsA, LocatedNear, MadeOf, PartOf, UsedFor
unmanned_vehicle;AtLocation, CapableOf, Causes, HasA, HasProperty, IsA, LocatedNear, MadeOf, PartOf, UsedFor
assault_gun;AtLocation, CapableOf, Causes, HasA, HasProperty, IsA, LocatedNear, MadeOf, PartOf, UsedFor
methamphetamine;AtLocation, CapableOf, Causes, HasA, HasProperty, IsA, LocatedNear, MadeOf, PartOf, UsedFor
ve_weapon;AtLocation, CapableOf, Causes, HasA, HasProperty, IsA, LocatedNear, MadeOf, PartOf, UsedFor
woodturning_tool;AtLocation, CapableOf, Causes, HasA, HasProperty, IsA, LocatedNear, MadeOf, PartOf, UsedFor
overdose;AtLocation, CapableOf, Causes, HasA, HasProperty, IsA, LocatedNear, MadeOf, PartOf, UsedFor
hardware_tool;AtLocation, CapableOf, Causes, HasA, HasProperty, IsA, LocatedNear, MadeOf, PartOf, UsedFor
car_washing;AtLocation, CapableOf, Causes, HasA, HasProperty, IsA, LocatedNear, MadeOf, PartOf, UsedFor
garbage_container;AtLocation, CapableOf, Causes, HasA, HasProperty, IsA, LocatedNear, MadeOf, PartOf, UsedFor
duffel_bag;AtLocation, CapableOf, Causes, HasA, HasProperty, IsA, LocatedNear, MadeOf, PartOf, UsedFor
crowbar;AtLocation, CapableOf, Causes, HasA, HasProperty, IsA, LocatedNear, MadeOf, PartOf, UsedFor
fastening_tool;AtLocation, CapableOf, Causes, HasA, HasProperty, IsA, LocatedNear, MadeOf, PartOf, UsedFor
hypoiodous_acid;AtLocation, CapableOf, Causes, HasA, HasProperty, IsA, LocatedNear, MadeOf, PartOf, UsedFor
wheeled_vehicle;AtLocation, CapableOf, Causes, HasA, HasProperty, IsA, LocatedNear, MadeOf, PartOf, UsedFor
amphetamine;AtLocation, CapableOf, Causes, HasA, HasProperty, IsA, LocatedNear, MadeOf, PartOf, UsedFor
cyanic_acid;AtLocation, CapableOf, Causes, HasA, HasProperty, IsA, LocatedNear, MadeOf, PartOf, UsedFor
potassium_phosphate;AtLocation, CapableOf, Causes, HasA, HasProperty, IsA, LocatedNear, MadeOf, PartOf, UsedFor
toxic_gas;AtLocation, CapableOf, Causes, HasA, HasProperty, IsA, LocatedNear, MadeOf, PartOf, UsedFor
climbing_rope;AtLocation, CapableOf, Causes, HasA, HasProperty, IsA, LocatedNear, MadeOf, PartOf, UsedFor
automatic_window;AtLocation, CapableOf, Causes, HasA, HasProperty, IsA, LocatedNear, MadeOf, PartOf, UsedFor
stun_gun;AtLocation, CapableOf, Causes, HasA, HasProperty, IsA, LocatedNear, MadeOf, PartOf, UsedFor
knife;AtLocation, CapableOf, Causes, HasA, HasProperty, IsA, LocatedNear, MadeOf, PartOf, UsedFor
truck_umz;AtLocation, CapableOf, Causes, HasA, HasProperty, IsA, LocatedNear, MadeOf, PartOf, UsedFor
washcloth;AtLocation, CapableOf, Causes, HasA, HasProperty, IsA, LocatedNear, MadeOf, PartOf, UsedFor
usb_key;AtLocation, CapableOf, Causes, HasA, HasProperty, IsA, LocatedNear, MadeOf, PartOf, UsedFor
soman_poison;AtLocation, CapableOf, Causes, HasA, HasProperty, IsA, LocatedNear, MadeOf, PartOf, UsedFor
shower_curtain;AtLocation, CapableOf, Causes, HasA, HasProperty, IsA, LocatedNear, MadeOf, PartOf, UsedFor
radioactive_waste;AtLocation, CapableOf, Causes, HasA, HasProperty, IsA, LocatedNear, MadeOf, PartOf, UsedFor
locked_device;AtLocation, CapableOf, Causes, HasA, HasProperty, IsA, LocatedNear, MadeOf, PartOf, UsedFor
core_tool;AtLocation, CapableOf, Causes, HasA, HasProperty, IsA, LocatedNear, MadeOf, PartOf, UsedFor
tools;AtLocation, CapableOf, Causes, HasA, HasProperty, IsA, LocatedNear, MadeOf, PartOf, UsedFor
sulfurous_acid;AtLocation, CapableOf, Causes, HasA, HasProperty, IsA, LocatedNear, MadeOf, PartOf, UsedFor
dna_molecule;AtLocation, CapableOf, Causes, HasA, HasProperty, IsA, LocatedNear, MadeOf, PartOf, UsedFor
lewis_gun;AtLocation, CapableOf, Causes, HasA, HasProperty, IsA, LocatedNear, MadeOf, PartOf, UsedFor
phosphoric_acid;AtLocation, CapableOf, Causes, HasA, HasProperty, IsA, LocatedNear, MadeOf, PartOf, UsedFor
debit_card;AtLocation, CapableOf, Causes, HasA, HasProperty, IsA, LocatedNear, MadeOf, PartOf, UsedFor
cargo_compartment;AtLocation, CapableOf, Causes, HasA, HasProperty, IsA, LocatedNear, MadeOf, PartOf, UsedFor
car_15;AtLocation, CapableOf, Causes, HasA, HasProperty, IsA, LocatedNear, MadeOf, PartOf, UsedFor
organic_acid;AtLocation, CapableOf, Causes, HasA, HasProperty, IsA, LocatedNear, MadeOf, PartOf, UsedFor
car_radio;AtLocation, CapableOf, Causes, HasA, HasProperty, IsA, LocatedNear, MadeOf, PartOf, UsedFor
narcotic;AtLocation, CapableOf, Causes, HasA, HasProperty, IsA, LocatedNear, MadeOf, PartOf, UsedFor
touchscreen;AtLocation, CapableOf, Causes, HasA, HasProperty, IsA, LocatedNear, MadeOf, PartOf, UsedFor
inorganic_substance;AtLocation, CapableOf, Causes, HasA, HasProperty, IsA, LocatedNear, MadeOf, PartOf, UsedFor
carbonic_acid;AtLocation, CapableOf, Causes, HasA, HasProperty, IsA, LocatedNear, MadeOf, PartOf, UsedFor
automobile_model;AtLocation, CapableOf, Causes, HasA, HasProperty, IsA, LocatedNear, MadeOf, PartOf, UsedFor
bed_covers;AtLocation, CapableOf, Causes, HasA, HasProperty, IsA, LocatedNear, MadeOf, PartOf, UsedFor
poison_gas;AtLocation, CapableOf, Causes, HasA, HasProperty, IsA, LocatedNear, MadeOf, PartOf, UsedFor
computer_worm;AtLocation, CapableOf, Causes, HasA, HasProperty, IsA, LocatedNear, MadeOf, PartOf, UsedFor
toilet_bowl;AtLocation, CapableOf, Causes, HasA, HasProperty, IsA, LocatedNear, MadeOf, PartOf, UsedFor
dog_bed;AtLocation, CapableOf, Causes, HasA, HasProperty, IsA, LocatedNear, MadeOf, PartOf, UsedFor
body_brush;AtLocation, CapableOf, Causes, HasA, HasProperty, IsA, LocatedNear, MadeOf, PartOf, UsedFor
trash_bag;AtLocation, CapableOf, Causes, HasA, HasProperty, IsA, LocatedNear, MadeOf, PartOf, UsedFor
heavenly_body;AtLocation, CapableOf, Causes, HasA, HasProperty, IsA, LocatedNear, MadeOf, PartOf, UsedFor
shoe_box;AtLocation, CapableOf, Causes, HasA, HasProperty, IsA, LocatedNear, MadeOf, PartOf, UsedFor
fire_extinguisher;AtLocation, CapableOf, Causes, HasA, HasProperty, IsA, LocatedNear, MadeOf, PartOf, UsedFor
blunt_weapon;AtLocation, CapableOf, Causes, HasA, HasProperty, IsA, LocatedNear, MadeOf, PartOf, UsedFor
credit_card;AtLocation, CapableOf, Causes, HasA, HasProperty, IsA, LocatedNear, MadeOf, PartOf, UsedFor
spinal_fluid;AtLocation, CapableOf, Causes, HasA, HasProperty, IsA, LocatedNear, MadeOf, PartOf, UsedFor
black_body;AtLocation, CapableOf, Causes, HasA, HasProperty, IsA, LocatedNear, MadeOf, PartOf, UsedFor
facial_tissue;AtLocation, CapableOf, Causes, HasA, HasProperty, IsA, LocatedNear, MadeOf, PartOf, UsedFor
reconnaissance_vehicle;AtLocation, CapableOf, Causes, HasA, HasProperty, IsA, LocatedNear, MadeOf, PartOf, UsedFor
nitric_acid;AtLocation, CapableOf, Causes, HasA, HasProperty, IsA, LocatedNear, MadeOf, PartOf, UsedFor
sarin_poison;AtLocation, CapableOf, Causes, HasA, HasProperty, IsA, LocatedNear, MadeOf, PartOf, UsedFor
maxim_gun;AtLocation, CapableOf, Causes, HasA, HasProperty, IsA, LocatedNear, MadeOf, PartOf, UsedFor
bed_accessory;AtLocation, CapableOf, Causes, HasA, HasProperty, IsA, LocatedNear, MadeOf, PartOf, UsedFor
crimping_tool;AtLocation, CapableOf, Causes, HasA, HasProperty, IsA, LocatedNear, MadeOf, PartOf, UsedFor
tackle_box;AtLocation, CapableOf, Causes, HasA, HasProperty, IsA, LocatedNear, MadeOf, PartOf, UsedFor
boric_acid;AtLocation, CapableOf, Causes, HasA, HasProperty, IsA, LocatedNear, MadeOf, PartOf, UsedFor
trash_can;AtLocation, CapableOf, Causes, HasA, HasProperty, IsA, LocatedNear, MadeOf, PartOf, UsedFor
car_audio;AtLocation, CapableOf, Causes, HasA, HasProperty, IsA, LocatedNear, MadeOf, PartOf, UsedFor
savings_bank;AtLocation, CapableOf, Causes, HasA, HasProperty, IsA, LocatedNear, MadeOf, PartOf, UsedFor
cardboard_box;AtLocation, CapableOf, Causes, HasA, HasProperty, IsA, LocatedNear, MadeOf, PartOf, UsedFor
battle_rifle;AtLocation, CapableOf, Causes, HasA, HasProperty, IsA, LocatedNear, MadeOf, PartOf, UsedFor
computer_display;AtLocation, CapableOf, Causes, HasA, HasProperty, IsA, LocatedNear, MadeOf, PartOf, UsedFor
club_drug;AtLocation, CapableOf, Causes, HasA, HasProperty, IsA, LocatedNear, MadeOf, PartOf, UsedFor
